job_id,job_title,company_name,company_location,job_link
c25feb431668b850,Teacher,Grace International Academy (School for the...,서울 / 원격근무,https://kr.indeed.com/viewjob?jk=c25feb431668b850
1e797bddf65bb650,[NICE평가정보] 2021년 NICE그룹 공개,나이스평가정보,서울 영등포구,https://kr.indeed.com/viewjob?jk=1e797bddf65bb650
3f5c3140c63d033c,신한저축은행 정규직 연계형 인턴(신입) 및 경력,신한저축은행,서울 중구,https://kr.indeed.com/viewjob?jk=3f5c3140c63d033c
f194b7783c193f38,농심그룹 신입/경력사원 정기,농심그룹,대한민국,https://kr.indeed.com/viewjob?jk=f194b7783c193f38
dfb20fa220f3c478,"빅데이터, 인공지능(AI) 외 신입/경력 인턴",스칼라웍스,대한민국,https://kr.indeed.com/viewjob?jk=dfb20fa220f3c478
b0bf3b5d399e37c2,AI/빅데이터 분야 신입 및 경력사원(석/박사),LG디스플레이,서울 마곡역,https://kr.indeed.com/viewjob?jk=b0bf3b5d399e37c2
ef62b0e22d2dd6a2,[kt ds]2021년 각 부문별 경력사원 수시,케이티디에스,서울 서초구,https://kr.indeed.com/viewjob?jk=ef62b0e22d2dd6a2
ba68447d1e9ce4e8,'21년 하반기 현대중공업그룹 연구 신입,현대중공업그룹,성남 분당구,https://kr.indeed.com/viewjob?jk=ba68447d1e9ce4e8
6134326a10dd8a8d,파크시스템스 주식회사 2021년 각 부문,파크시스템스,수원 영통구,https://kr.indeed.com/viewjob?jk=6134326a10dd8a8d
78e99625e5de3c95,전문연구요원 (병역특례) 수시 (AI / HW 분야),딥엑스,성남 분당구,https://kr.indeed.com/viewjob?jk=78e99625e5de3c95
636c8dbb41ed3493,[TmaxAI/R&D] NLP(자연어음성) 부문 개발 신입 및 경력,티맥스소프트,성남 분당구,https://kr.indeed.com/viewjob?jk=636c8dbb41ed3493
80e99f7c98dec4ce,[/연구비 지원] 2021년 여성과학기술인 R&D경력복귀 지원사업,한국여성과학기술인육성재단,서울 강남구,https://kr.indeed.com/viewjob?jk=80e99f7c98dec4ce
be95b5718905880f,AI/빅데이터/클라우드 분야 (인재 Pool),LG유플러스,서울,https://kr.indeed.com/viewjob?jk=be95b5718905880f
754be9e3d78fa802,2021년 상반기 R&D 개발자 (병역특례 가능/경력 무관),네오스텍,인천 연수구,https://kr.indeed.com/viewjob?jk=754be9e3d78fa802
15dbed7057eb1638,2021년 9월 경력사원 (DX),LG에너지솔루션,서울 영등포구,https://kr.indeed.com/viewjob?jk=15dbed7057eb1638
c10064bea1536bfd,[ICT 확산사업] 2021년 블록체인 교육비 무료 교육생,한국표준협회,서울,https://kr.indeed.com/viewjob?jk=c10064bea1536bfd
7db11030d7bd72df,2021년 하반기 각 부문별 신입 및 경력직,쎄트렉아이,대전 유성구,https://kr.indeed.com/viewjob?jk=7db11030d7bd72df
f219c41e1efb58ed,물류유통부문 AI융합전문가 양성과정,한국생산성본부,서울 종로구,https://kr.indeed.com/viewjob?jk=f219c41e1efb58ed
b30ad1aab5c0a8fa,[IT운영팀] RPA 기획 설계 경력직 채용,한화그룹,서울,https://kr.indeed.com/viewjob?jk=b30ad1aab5c0a8fa
df560676217ba10f,[대형증권사] 파생퀀트,인코리아 프로페셔널,서울 강남구,https://kr.indeed.com/viewjob?jk=df560676217ba10f
8facf7b27840a26b,[TmaxAI/R&D] AI 로보어드바이저 개발자,티맥스소프트,성남 분당구,https://kr.indeed.com/viewjob?jk=8facf7b27840a26b
6143a95778cb0259,Deep Learning Researcher (신입/경력/전문연구요원),Cognex Corporation,서울,https://kr.indeed.com/viewjob?jk=6143a95778cb0259
597b42f515727ced,AI Research Engineer Intern,Intel,서울,https://kr.indeed.com/viewjob?jk=597b42f515727ced
71c47ac87bb4087e,기술 인턴 인공지능 응용 연구/개발 인턴,써로마인드로보틱스,서울 관악구,https://kr.indeed.com/viewjob?jk=71c47ac87bb4087e
d3153e37a5a129d0,[IT개발] Python 웹개발자 모집 (대리급),통로,서울,https://kr.indeed.com/viewjob?jk=d3153e37a5a129d0
7e1a22f30c051e91,2021년 KTCA 한국기술사업화진흥협회 전문가 양성과정 과정별 무료 교육생,한국기술사업화진흥협회,대구 달서구,https://kr.indeed.com/viewjob?jk=7e1a22f30c051e91
49fd1a7248d3ff47,Research Engineer Intern (Machine Learning),"Seoul Robotics Co., Ltd",서울,https://kr.indeed.com/viewjob?jk=49fd1a7248d3ff47
0e09d8543b5cac55,2021 한솔케미칼 신입사원,한솔홀딩스,서울 중구,https://kr.indeed.com/viewjob?jk=0e09d8543b5cac55
1e974ff27c6eb340,Autonomous Driving 분야 엔지니어,포티투닷,서울 강남구,https://kr.indeed.com/viewjob?jk=1e974ff27c6eb340
bb3dd73bc58c31af,[진행중] 우리은행 빅데이터사업부 전문직(데이터사이언티스트-분석) 채용공고,우리은행,서울 회현동,https://kr.indeed.com/viewjob?jk=bb3dd73bc58c31af
6100350a5169a606,DB Engineer 모집,카카오,성남 판교역,https://kr.indeed.com/viewjob?jk=6100350a5169a606
2b9e604e63e7e46d,[카카오커머스] 기술직군,카카오커머스,성남 분당구,https://kr.indeed.com/viewjob?jk=2b9e604e63e7e46d
7cdd18b942d578a3,"스마트건설관리 팀장, 디지털 건설기술, Pre-fab/모듈화 분야 기술경력자(차장/대리급) , S그룹계열",코어포인트,서울 중구,https://kr.indeed.com/viewjob?jk=7cdd18b942d578a3
22fd5b99c266e7b9,Operations Associate - Remote - Crypto/Fintech,Kraken Digital Asset Exchange,서울 / 원격근무,https://kr.indeed.com/viewjob?jk=22fd5b99c266e7b9
05ef3e331bf2799a,[디지털컨텐츠 대기업] DBA,커리어라임즈,성남 분당구,https://kr.indeed.com/viewjob?jk=05ef3e331bf2799a
f43ce6c9492e1cd0,국제시장 Analyst & Data Scientist,코리아피디에스,서울 마포구,https://kr.indeed.com/viewjob?jk=f43ce6c9492e1cd0
c19a535518b1512c,[경력직 ] 리서치본부 인덱스개발팀,NH투자증권,서울 영등포구,https://kr.indeed.com/viewjob?jk=c19a535518b1512c
c793a3ef3425f495,빅데이터 분석 기술인력 (정규직),한국정보기술단,서울 강남구,https://kr.indeed.com/viewjob?jk=c793a3ef3425f495
84fd9f9deb6105b0,"웹개발, Python 외 신입/경력 계약직",쿠바로엠앤씨,서울 강서구,https://kr.indeed.com/viewjob?jk=84fd9f9deb6105b0
7cb5c3076d1701db,"Field Applications Engineer, Audio",Dolby,서울,https://kr.indeed.com/viewjob?jk=7cb5c3076d1701db
d17da0baecf05910,데이터 분야 경력,LG CNS,서울,https://kr.indeed.com/viewjob?jk=d17da0baecf05910
35f0a25dee5f3312,딥러닝 알고리즘 및 응용 Engineer,딥엑스,성남 분당구,https://kr.indeed.com/viewjob?jk=35f0a25dee5f3312
8070498013c9b353,시스템 엔지니어 영입,카카오페이증권,성남 분당구,https://kr.indeed.com/viewjob?jk=8070498013c9b353
d83fc0dd2641f483,전문연구요원 (병역특례) 수시 (AI / SW 분야),딥엑스,성남 분당구,https://kr.indeed.com/viewjob?jk=d83fc0dd2641f483
b1df05a19043bcc0,Wind Resource Analyst Offshore (KR),RWE Renewables Korea LLC,서울,https://kr.indeed.com/viewjob?jk=b1df05a19043bcc0
50c4c65ec72ca5be,[석유화학 대기업] Data Scientist,커리어라임즈,서울 서대문구,https://kr.indeed.com/viewjob?jk=50c4c65ec72ca5be
d71f1540b4d5aea9,2021 제조 장비 지능화 AI 융합 인재양성 과정 교육생,한국전자기술연구원,성남 분당구,https://kr.indeed.com/viewjob?jk=d71f1540b4d5aea9
55a19c92c845685e,Developer / Designer recruit,마이뮤직테이스트,서울 논현동,https://kr.indeed.com/viewjob?jk=55a19c92c845685e
2b2dcd3ffe3d53df,카카오 데이터의 가치를 발굴할 데이터 분석가 모집,카카오,성남 판교역,https://kr.indeed.com/viewjob?jk=2b2dcd3ffe3d53df
a412d2ba7044dfb3,[취업연계/무료교육] 스마트자동화 전문가 양성과정 교육생,한국산업기술협회,서울,https://kr.indeed.com/viewjob?jk=a412d2ba7044dfb3
c6d7988f98427549,IT부분 신입 및 경력,하나펀드서비스,서울 중구,https://kr.indeed.com/viewjob?jk=c6d7988f98427549
441d45a99d2ff14d,"[데이터 분석가, 데이터 사이언티스트 (신입/경력)]",인피니그루,서울 성동구,https://kr.indeed.com/viewjob?jk=441d45a99d2ff14d
0064deb5fa9cbce0,데이터 사이언티스트 모집,카카오,성남 판교역,https://kr.indeed.com/viewjob?jk=0064deb5fa9cbce0
e5448ffc7d6ecf02,FPGA 플랫폼 엔지니어 (딥러닝 하드웨어 프로세서 개발),딥엑스,성남 분당구,https://kr.indeed.com/viewjob?jk=e5448ffc7d6ecf02
386b6e765b9e64bc,[글로벌컨설팅사] Data analytics,인코리아 프로페셔널,서울,https://kr.indeed.com/viewjob?jk=386b6e765b9e64bc
8cc372a6b78679b1,"인공지능(AI), Python(응용프로그램 개발자) 외 신입/경력 정규직",쿠노소프트,서울 성북구,https://kr.indeed.com/viewjob?jk=8cc372a6b78679b1
55584c627df1acaa,데이터 분석가/사이언티스트(신입/인턴 가능),쏘카,제주도 제주,https://kr.indeed.com/viewjob?jk=55584c627df1acaa
06d133676285b02e,침해사고 대응,NHN,성남 판교역,https://kr.indeed.com/viewjob?jk=06d133676285b02e
6f4889537af98046,데이터 사이언티스트 및 엔지니어,NHN,성남 판교역,https://kr.indeed.com/viewjob?jk=6f4889537af98046
c02d60ec8ce427fc,"백엔드, Python 외 경력 정규직, 계약직",트랜스버스,성남 분당구,https://kr.indeed.com/viewjob?jk=c02d60ec8ce427fc
ac9068957c550cb3,데이터 전문가(모델러/분석가/엔지니어) 모집,카카오,성남 판교역,https://kr.indeed.com/viewjob?jk=ac9068957c550cb3
47ff549b25cc6394,데이터표준품질부문 경력지 (정규직),한국정보기술단,과천 과천시,https://kr.indeed.com/viewjob?jk=47ff549b25cc6394
8f8d0f74c1626d19,R&D 경력사원 (기판/Actuator/렌즈/AI/SW),LG이노텍,서울 마곡역,https://kr.indeed.com/viewjob?jk=8f8d0f74c1626d19
aac8e9355cb855ac,[인재풀] 아티스트,Electronic Arts,서울,https://kr.indeed.com/viewjob?jk=aac8e9355cb855ac
bfe0f5ac4f32ec89,추천 통계분석/데이터사이언티스트,카카오,성남 판교역,https://kr.indeed.com/viewjob?jk=bfe0f5ac4f32ec89
bc808a2840a24425,[글로벌컨설팅사] Data Scientist,인코리아 프로페셔널,서울,https://kr.indeed.com/viewjob?jk=bc808a2840a24425
f8691758f74c5242,Support Engineer- Developer,Microsoft,서울,https://kr.indeed.com/viewjob?jk=f8691758f74c5242
a6efeae1e5a95fe5,[TmaxAI/R&D] NLP(자연어음성) 부문 개발 신입 및 경력,티맥스그룹,성남 분당구,https://kr.indeed.com/viewjob?jk=a6efeae1e5a95fe5
e7c8c2b11f24fb43,Software Engineer,Google,서울,https://kr.indeed.com/viewjob?jk=e7c8c2b11f24fb43
8dcd45f0d31410c7,QA Engineer,"Seoul Robotics USA, Inc.",서울,https://kr.indeed.com/viewjob?jk=8dcd45f0d31410c7
44f16e94e3e6b589,"Staff Software Engineer, Maps & Navigation, Seoul, Korea",Tesla,서울,https://kr.indeed.com/viewjob?jk=44f16e94e3e6b589
decd5d7524cb26e5,Senior Systems Administrator,Raytheon Intelligence & Space,대한민국,https://kr.indeed.com/viewjob?jk=decd5d7524cb26e5
df21e3bb5d773616,Python Programmer,Mofac,서울 서초구,https://kr.indeed.com/viewjob?jk=df21e3bb5d773616
63aa7316b1a84843,네트워크 담당자 영입,카카오페이증권,성남 분당구,https://kr.indeed.com/viewjob?jk=63aa7316b1a84843
87309d3ff40ead61,딥러닝 AI 개발 연구원,베이리스,성남 수정구,https://kr.indeed.com/viewjob?jk=87309d3ff40ead61
dbe3257e487e5814,[AI/Lab] AI 백엔드 엔지니어 (전문연구요원 가능),버즈니,서울,https://kr.indeed.com/viewjob?jk=dbe3257e487e5814
09b7c71ea8dedcfc,시스템 엔지니어,고도소프트,서울 구로구,https://kr.indeed.com/viewjob?jk=09b7c71ea8dedcfc
c3ccc1829b0810a9,인공지능(AI) 딥러닝 연구 개발자,에스알유니버스,서울 마포구,https://kr.indeed.com/viewjob?jk=c3ccc1829b0810a9
07375dc4e800dfa9,추천 시스템 소프트웨어 엔지니어,카카오,성남 판교역,https://kr.indeed.com/viewjob?jk=07375dc4e800dfa9
25725b3c0e607311,Junior Quant Trader,Byzantine Partners,서울,https://kr.indeed.com/viewjob?jk=25725b3c0e607311
4012c1f5609d4f90,2021년도 하반기 청년인턴 공개,한국해양과학기술원 부설 선박해양플랜트연구소,대전 유성구,https://kr.indeed.com/viewjob?jk=4012c1f5609d4f90
8aba4526eb1112d5,[TmaxAI/R&D] AI 로보어드바이저 개발자,티맥스그룹,성남 분당구,https://kr.indeed.com/viewjob?jk=8aba4526eb1112d5
3beefc2110b4e5af,코스닥상장 금융데이터 대표 기업의 인덱스팀 전문요원,수커리어컨설팅,서울 강서구,https://kr.indeed.com/viewjob?jk=3beefc2110b4e5af
b15288909dc2094b,[인턴] Lighthouse 본부 웹서비스 개발자 인턴 채용 - 정규직 전환 가능,삼정 KPMG,서울 강남구,https://kr.indeed.com/viewjob?jk=b15288909dc2094b
7da03d182cfb2dd5,티맵모빌리티 서버개발자 - EV충전서비스,티맵모빌리티,서울특별시,https://kr.indeed.com/viewjob?jk=7da03d182cfb2dd5
05b515229ff400f3,"케이프투자증권 시장조성팀전제형 인턴 (기간연장, ~9/30)",케이프투자증권,대한민국,https://kr.indeed.com/viewjob?jk=05b515229ff400f3
649ccf047c868778,"금융 데이터 분석 엔진, 로보어드바이저 개발자",에스비씨엔,서울 영등포구,https://kr.indeed.com/viewjob?jk=649ccf047c868778
ce12386e427afa17,[2021신입공채] Programming - 서비스 플랫폼 개발,엔씨소프트,성남 판교역,https://kr.indeed.com/viewjob?jk=ce12386e427afa17
7e4150117819bbe4,"정보보호 엔지니어(보안개발, 서버보안) 모집",카카오,성남 판교역,https://kr.indeed.com/viewjob?jk=7e4150117819bbe4
56add096e14a7879,AI 연구 및 개발 직군 모집,넷마블,서울 구로구,https://kr.indeed.com/viewjob?jk=56add096e14a7879
5ea9ea023c6ccc03,"S/W 엔지니어, 데이터분석 신입/경력 정규직, 인턴",가치랩스,성남 분당구,https://kr.indeed.com/viewjob?jk=5ea9ea023c6ccc03
752a4b5d63eac97c,Back-end Engineer (Python),Soomgo,서울 강남구,https://kr.indeed.com/viewjob?jk=752a4b5d63eac97c
abbb8df34c660e0a,"빅데이터, (AI)인공지능 외 신입/경력 인턴 (정규직전환)",스칼라웍스,서울 금천구,https://kr.indeed.com/viewjob?jk=abbb8df34c660e0a
3b7dbdf85a326a6d,국내 대기업 - AI 및 딥러닝 관련 경력자,라피플코리아리미티드,서울,https://kr.indeed.com/viewjob?jk=3b7dbdf85a326a6d
b657381b65c13212,농심엔지니어링 정기,농심엔지니어링,대한민국,https://kr.indeed.com/viewjob?jk=b657381b65c13212
9087862be2f1d252,IT 및 대인(소액)보상 신입 및 경력직,전국렌터카공제조합,경기도,https://kr.indeed.com/viewjob?jk=9087862be2f1d252
4f43a2e29f9f5c11,자동차 전장 ADAS 카메라 알고리즘 SW 개발 전문가,LG전자,서울특별시,https://kr.indeed.com/viewjob?jk=4f43a2e29f9f5c11
be6c1f03fa566f8e,추천 시스템 연구/개발,카카오,성남 판교역,https://kr.indeed.com/viewjob?jk=be6c1f03fa566f8e
ce3949822aab014f,[한국타이어앤테크놀로지] 2021 하반기 신입사원 [Engineering],한국타이어,대전,https://kr.indeed.com/viewjob?jk=ce3949822aab014f
9167b3bdd1e7ed7e,리스크자문본부 Digital Finance 컨설턴트,딜로이트,서울 여의도,https://kr.indeed.com/viewjob?jk=9167b3bdd1e7ed7e
052c7a57fd9e38bc,"Software Engineer - Algorithm, C++","Seoul Robotics USA, Inc.",서울,https://kr.indeed.com/viewjob?jk=052c7a57fd9e38bc
01bd5372e531d949,"Sales - Sales Operations Specialist, Seoul, Korea",Tesla,서울,https://kr.indeed.com/viewjob?jk=01bd5372e531d949
96d5b8416a1f4d4f,대기업 계열사 빅데이터 사이언스 팀장 초빙의 건,에이치알니즈,서울 서초구,https://kr.indeed.com/viewjob?jk=96d5b8416a1f4d4f
864be0963e8989bd,"소프트웨어, Python 경력 정규직",이노반트테크놀로지스,서울 강남구,https://kr.indeed.com/viewjob?jk=864be0963e8989bd
9f71f92daeb29db6,[수시 ] 개발 부문별 경력자,SK플래닛 Tacademy,성남 분당구,https://kr.indeed.com/viewjob?jk=9f71f92daeb29db6
7fe0c284fbf4045f,CRM 및 마케팅 데이터분석 담당자 - 국내 대기업 계열사,라피플코리아리미티드,서울,https://kr.indeed.com/viewjob?jk=7fe0c284fbf4045f
5ec5e9172a02d97b,즐겁게 함께 일할 신입 웹 개발자,필링크코리아,서울 구로구,https://kr.indeed.com/viewjob?jk=5ec5e9172a02d97b
db51c73ebf585071,데이터 사이언티스트,KB데이타시스템,서울 마포구,https://kr.indeed.com/viewjob?jk=db51c73ebf585071
0ff2c43b1e2621a5,PharmCADD 2021년 상반기 R&D센터 연구원 공개,팜캐드,서울 강남구,https://kr.indeed.com/viewjob?jk=0ff2c43b1e2621a5
1d89fe4b37ab05ed,"데이터마이닝, 빅데이터 큐레이터 외 신입/경력 정규직",에임즈인터내셔널코리아,서울 강남구,https://kr.indeed.com/viewjob?jk=1d89fe4b37ab05ed
4adac8923476d038,프랭클린템플턴투신운용 Junior Trader (Quant base 필수),프랭클린템플턴투신,대한민국,https://kr.indeed.com/viewjob?jk=4adac8923476d038
9adbc290202846e1,[아이브릭스] 기업부설연구소 전문연구요원,아이브릭스,성남 분당구,https://kr.indeed.com/viewjob?jk=9adbc290202846e1
e91b5984e7f5d3fd,"데이터베이스개발자, 웹개발 신입/경력 정규직",여의도사람들,서울 영등포구,https://kr.indeed.com/viewjob?jk=e91b5984e7f5d3fd
14d562d10c215572,"PHP, Python 신입/경력 정규직",비즈부스터,서울 금천구,https://kr.indeed.com/viewjob?jk=14d562d10c215572
109c5533ffdaaa84,[DB금융투자] 2021년 하반기 신입사원 모집,DB그룹,서울 대치동,https://kr.indeed.com/viewjob?jk=109c5533ffdaaa84
ec5c7ccd76639120,[외국계 스타트업 미소] Data Analyst,유한회사 미소,서울,https://kr.indeed.com/viewjob?jk=ec5c7ccd76639120
8c32b5db8ab28c7d,"[광고 추천] 데이터 과학자, 기계학습(머신러닝) 전문가 모집",카카오,성남 판교역,https://kr.indeed.com/viewjob?jk=8c32b5db8ab28c7d
4cd34228af5013fd,DGIST 2019년 제1차 계약직원 공개채용 공고,대구경북과학기술원,대구 현풍면,https://kr.indeed.com/viewjob?jk=4cd34228af5013fd
23123663f1b4172f,급구/사물인터넷(IoT)개발자 - 신입 가능,큐빅스,경기도 파주,https://kr.indeed.com/viewjob?jk=23123663f1b4172f
049e047740085644,분당 kt 전산 프로그램 개발/운영 인력,예지아이엔씨,성남 분당구,https://kr.indeed.com/viewjob?jk=049e047740085644
38fdadeba3dae05f,Diploma Student / Intern - Software Engineering Intern - Kor...,SAP,서울,https://kr.indeed.com/viewjob?jk=38fdadeba3dae05f
dc962df0809e0e2f,시스템 엔지니어,NHN COMMERCE,서울 구로구,https://kr.indeed.com/viewjob?jk=dc962df0809e0e2f
e3911ef1f24cd3a6,"Python, Python 외 경력 정규직, 계약직, 프리랜서",누리꿈소프트,서울 강남구,https://kr.indeed.com/viewjob?jk=e3911ef1f24cd3a6
8f23d6ca734f134d,[2021신입공채] AI R&D - Speech AI,엔씨소프트,성남 판교역,https://kr.indeed.com/viewjob?jk=8f23d6ca734f134d
8e427bfa23c2365d,Machine Learning Engineer (LINE AI Services Lab),LINE Plus corporation,대한민국,https://kr.indeed.com/viewjob?jk=8e427bfa23c2365d
34f22fafb415ec3c,Data Analyst,뱅크샐러드,서울 영등포구,https://kr.indeed.com/viewjob?jk=34f22fafb415ec3c
4f431aacdc9fbb21,번역 자연어 처리 R&D팀장,(주)보이스루,서울 강남구,https://kr.indeed.com/viewjob?jk=4f431aacdc9fbb21
db6cbab47dd3ada9,Associate Security Consultant,Amazon Web Services Korea LLC,서울,https://kr.indeed.com/viewjob?jk=db6cbab47dd3ada9
9ab2041ab3380a21,카카오톡 안티어뷰징을 위한 데이터/백엔드 엔지니어 및 머신러닝 전문가 모집,카카오,성남 판교역,https://kr.indeed.com/viewjob?jk=9ab2041ab3380a21
89f3e10d77a126bf,Field Service Engineer,Nearfield Instruments,경기도 용인,https://kr.indeed.com/viewjob?jk=89f3e10d77a126bf
d69b5a1e60c65ce6,데이터 마케팅 경력사원,LG전자,서울 영등포구,https://kr.indeed.com/viewjob?jk=d69b5a1e60c65ce6
b574f1454ae36aab,Cross Border Ecommerce - Business Intelligence (Based in Seo...,Shopee,서울,https://kr.indeed.com/viewjob?jk=b574f1454ae36aab
6ede042ebe53ba49,RTL 기반 HW IP 설계 엔지니어 (딥러닝 하드웨어 프로세서 개발),딥엑스,성남 분당구,https://kr.indeed.com/viewjob?jk=6ede042ebe53ba49
a7590ed34c10e353,[글로벌컨설팅사] Developer,인코리아 프로페셔널,서울,https://kr.indeed.com/viewjob?jk=a7590ed34c10e353
d8a8869ab092f731,데이터 엔지니어 및 사이언티스트,카카오,성남 판교역,https://kr.indeed.com/viewjob?jk=d8a8869ab092f731
a50fce6cc2cb57c9,자연어처리전문가 금융챗봇 만들어 갈 엔지니어,파운트,서울 충정로역,https://kr.indeed.com/viewjob?jk=a50fce6cc2cb57c9
4c4bcf5994e5cb45,Regional Research Manager,TikTok,서울,https://kr.indeed.com/viewjob?jk=4c4bcf5994e5cb45
a64e1e21f61265ce,각 분야별 인재 Pool 등록,지투알,서울,https://kr.indeed.com/viewjob?jk=a64e1e21f61265ce
daf126584d1c302b,"드론솔루션 (아두이노, 드론제작, 3D, 드론쇼핑몰)",탱고드론,성남 분당구,https://kr.indeed.com/viewjob?jk=daf126584d1c302b
ffd9cedb23e97344,파이썬SW 금융분야 특화 챗봇 개발 함께 할 엔지니어,파운트,서울 충정로역,https://kr.indeed.com/viewjob?jk=ffd9cedb23e97344
224971cd3009c4ba,AI/BigData 인재 (신입/경력),LG이노텍,서울 마곡역,https://kr.indeed.com/viewjob?jk=224971cd3009c4ba
2ba9d984a21e03b1,[전문연구요원] R&D 부문 개발자 병역특례,스칼라웍스,서울 금천구,https://kr.indeed.com/viewjob?jk=2ba9d984a21e03b1
5e7dc1196f13b938,"NAVER, LINE 서비스 플랫폼 운영",NIT Service,성남 삼평동,https://kr.indeed.com/viewjob?jk=5e7dc1196f13b938
6f88041c28b6c1ae,한글 Q&A 시스템 연구 개발 신입/경력사원,포티투마루,서울 관악구,https://kr.indeed.com/viewjob?jk=6f88041c28b6c1ae
2c4c5856662783e7,Data Analyst,IQVIA,서울,https://kr.indeed.com/viewjob?jk=2c4c5856662783e7
90398eeb267968c5,Python 활용한 데이터 분석,원스링크,서울 마포구,https://kr.indeed.com/viewjob?jk=90398eeb267968c5
1c4f1c0b625f5abd,데이터 사이언티스트 직군 모집,넷마블,서울 구로구,https://kr.indeed.com/viewjob?jk=1c4f1c0b625f5abd
fbcb3fc22ee4d3e2,[IT대기업] 기계학습 기반 언어이해(NLU) 개발자 초빙,커리어셀파,서울 중구,https://kr.indeed.com/viewjob?jk=fbcb3fc22ee4d3e2
ccd4f5407a32ba6a,Data Scientist,Boston Consulting Group,서울,https://kr.indeed.com/viewjob?jk=ccd4f5407a32ba6a
c25feb431668b850,Teacher,Grace International Academy (School for the...,서울 / 원격근무,https://kr.indeed.com/viewjob?jk=c25feb431668b850
ccd4f5407a32ba6a,Data Scientist,Boston Consulting Group,서울,https://kr.indeed.com/viewjob?jk=ccd4f5407a32ba6a
4c3ba5f4766e22be,Software Engineer - Front-End,"Seoul Robotics Co., Ltd.",서울,https://kr.indeed.com/viewjob?jk=4c3ba5f4766e22be
8af26b37623864c4,8퍼센트 개발자 (신입/경력),8퍼센트,서울 종로구,https://kr.indeed.com/viewjob?jk=8af26b37623864c4
51d1df9a3cfbe418,(주)엘솔루 R&D본부 ASR팀 개발직,㈜엘솔루,서울,https://kr.indeed.com/viewjob?jk=51d1df9a3cfbe418
bd5b8c3a1ab99d3d,[NICE평가정보] CB솔루션 신입 및 경력 채용,NICE그룹,서울 여의도,https://kr.indeed.com/viewjob?jk=bd5b8c3a1ab99d3d
e010f7780d479126,검색서비스 서버 개발 신입/경력,포티투마루,서울 관악구,https://kr.indeed.com/viewjob?jk=e010f7780d479126
a3be788835626c7c,DBA 5년 이상 대기업계열사 판교 근무,SK계열사 / 2016년 SK텔레콤과 네이버가 세운 Joint Venture로,성남 판교역,https://kr.indeed.com/viewjob?jk=a3be788835626c7c
7fdcd7a7457b1e93,데이터 분석,아프리카TV,경기도 성남,https://kr.indeed.com/viewjob?jk=7fdcd7a7457b1e93
6e58de12eff0f39f,[경력] IT팀 백엔드 개발자,본사,서울 관악구,https://kr.indeed.com/viewjob?jk=6e58de12eff0f39f
662beff5f293820b,AR/VR SDK 개발자 모집,카카오,성남 판교역,https://kr.indeed.com/viewjob?jk=662beff5f293820b
269f9a96319ef19a,머신러닝 엔지니어 모집,카카오,성남 판교역,https://kr.indeed.com/viewjob?jk=269f9a96319ef19a
d6c05c588971df5a,백엔드 파운트 시스템 엔지니어 (현재 급여수준 이상 보장),파운트,서울 충정로역,https://kr.indeed.com/viewjob?jk=d6c05c588971df5a
b2eb1fe78ff9ee5f,[대기업] 데이터분석가 경력 (대리~과장급 2명),에이치알니즈,서울,https://kr.indeed.com/viewjob?jk=b2eb1fe78ff9ee5f
d017610d9828199c,"드론 데이터 스타트업, 엔젤스윙 엔지니어",엔젤스윙,서울 관악구,https://kr.indeed.com/viewjob?jk=d017610d9828199c
3cf01580ba5eb23a,NLP Researcher,AITRICS,서울,https://kr.indeed.com/viewjob?jk=3cf01580ba5eb23a
ceb8243bc8ae3c35,[데이터 플랫폼]서비스 데이터 엔지니어(전문연구요원 가능),버즈니,서울,https://kr.indeed.com/viewjob?jk=ceb8243bc8ae3c35
ed51a3dcb232760b,서비스 플랫폼 웹 개발자 모집,엔씨소프트,성남 판교역,https://kr.indeed.com/viewjob?jk=ed51a3dcb232760b
eff6d38d4767ff87,Software Engineer,Boston Consulting Group,서울,https://kr.indeed.com/viewjob?jk=eff6d38d4767ff87
5fd063c78ee102fc,[한솔인티큐브] 대졸 신입사원 모집,한솔그룹,서울 을지로2가,https://kr.indeed.com/viewjob?jk=5fd063c78ee102fc
732891b0721bf174,[AI R&D] ML 엔지니어 모집,엔씨소프트,성남 판교역,https://kr.indeed.com/viewjob?jk=732891b0721bf174
b2ec89a78d374b9b,[2021신입공채] AI R&D - Language AI,엔씨소프트,성남 판교역,https://kr.indeed.com/viewjob?jk=b2ec89a78d374b9b
7974d5dd1bc749bc,Security Researcher,McAfee,서울,https://kr.indeed.com/viewjob?jk=7974d5dd1bc749bc
3b0b25d7cdb97839,TikTok Content Strategy Manager,TikTok,서울,https://kr.indeed.com/viewjob?jk=3b0b25d7cdb97839
0a1edd71cecd46ab,백엔드 엔지니어,Streami,서울,https://kr.indeed.com/viewjob?jk=0a1edd71cecd46ab
c35e9b72a11aa338,[신입/경력] 의료영상/음성인식/생체신호 연구원,뷰노코리아,서울 서초구,https://kr.indeed.com/viewjob?jk=c35e9b72a11aa338
20abdd225641e77a,"Software QA Infotainment Test Engineer, Bundang, Gyeonggi, K...",Tesla,경기도 성남,https://kr.indeed.com/viewjob?jk=20abdd225641e77a
069eb8ccfb874d6f,[연계 무료교육] 미라콤 협력회사 연계 IT 아카데미,멀티캠퍼스,서울 강남구,https://kr.indeed.com/viewjob?jk=069eb8ccfb874d6f
5c6fe384fabdbd45,서버 백 엔드 개발자,셀메이트,서울 마포구,https://kr.indeed.com/viewjob?jk=5c6fe384fabdbd45
b6d169aa029a45a6,[강남/스타트업] 에이스랩 자율주행 엔지니어,에이스랩,서울 강남구,https://kr.indeed.com/viewjob?jk=b6d169aa029a45a6
303dd21832052ae6,"JAVA , C++ , Python 프로그래밍, 웹 프로그래밍 강사",한국아이티진흥,대전 서구,https://kr.indeed.com/viewjob?jk=303dd21832052ae6
19c80684b810561e,마케팅 공무원 CRM,해커스,서울 강남구,https://kr.indeed.com/viewjob?jk=19c80684b810561e
c4145dce440c02f8,[전문연구요원 신규편입/전직] SW Engineer/Backend/Frontend 개발자,뷰노코리아,서울 서초구,https://kr.indeed.com/viewjob?jk=c4145dce440c02f8
8d67999bfe17e624,Associate Consultant,Dell Technologies,서울,https://kr.indeed.com/viewjob?jk=8d67999bfe17e624
680f24d7a9f57a5f,ADAS카메라 System SW개발 경력인재 [자동차부품 우량대기업],에스에프인촌,서울,https://kr.indeed.com/viewjob?jk=680f24d7a9f57a5f
e3e736b46dbb35cd,[하나금융그룹] 빅데이터 분석 모집,하나금융티아이,인천 청라동,https://kr.indeed.com/viewjob?jk=e3e736b46dbb35cd
f60eb842043cd953,[AI R&D] Language AI(NLP) Research 분야 수시 모집,엔씨소프트,성남 판교역,https://kr.indeed.com/viewjob?jk=f60eb842043cd953
0e311274c5a78e3a,기계 학습 전문가 모집,엔씨소프트,성남 판교역,https://kr.indeed.com/viewjob?jk=0e311274c5a78e3a
d158e683dc0b7500,파이썬 개발자 초중급 이상,데이터앤솔루션,서울 서초구,https://kr.indeed.com/viewjob?jk=d158e683dc0b7500
59db18a2366b2c92,AI 분야 경력,LG CNS,서울,https://kr.indeed.com/viewjob?jk=59db18a2366b2c92
2f56d4b70c1df086,하반기 인턴직 모집,한솔그룹,서울 을지로2가,https://kr.indeed.com/viewjob?jk=2f56d4b70c1df086
bea9d865e27facde,야구 AI 기술 연구원 모집,엔씨소프트,성남 판교역,https://kr.indeed.com/viewjob?jk=bea9d865e27facde
fcea39747b3dcb20,"산업용 비전 처리 S/W 개발, AI 가속기 처리 S/W 개발 경력사원",여의시스템,성남 중원구,https://kr.indeed.com/viewjob?jk=fcea39747b3dcb20
3b9a4bb5dfb41c5a,FDS 데이터분석/딥러닝/머신러닝 모형개발(수원 영통),인피니그루,수원 영통구,https://kr.indeed.com/viewjob?jk=3b9a4bb5dfb41c5a
6d32c5c83a3357a2,부문별 신규직원,심소프트,세종특별자치시,https://kr.indeed.com/viewjob?jk=6d32c5c83a3357a2
c5a2d1029018e4ba,Expat: Experimental Physicist Tuning and Monitoring,IMS Nanofabrication,경기도 화성,https://kr.indeed.com/viewjob?jk=c5a2d1029018e4ba
5fc53d8ce25c05f7,IT 개발 총 책임자,핀후드,서울 성동구,https://kr.indeed.com/viewjob?jk=5fc53d8ce25c05f7
fdd1ec500461c093,"프론트엔드, 백엔드 개발 경력 정규직",토이스미스,서울 강남구,https://kr.indeed.com/viewjob?jk=fdd1ec500461c093
b76daef7f5d8d763,"개발자 - Python 프로그래밍과 Java, C 소스코드 분석",바인테크,서울 송파구,https://kr.indeed.com/viewjob?jk=b76daef7f5d8d763
da280e20451ce755,Integration Engineer,스트라드비젼,서울 강남구,https://kr.indeed.com/viewjob?jk=da280e20451ce755
30e17a7d8ce9d4d4,Software Engineer,UJET,서울,https://kr.indeed.com/viewjob?jk=30e17a7d8ce9d4d4
7dc3cf5537450b54,게임 데이터 서비스/플랫폼 개발,NHN,성남 판교역,https://kr.indeed.com/viewjob?jk=7dc3cf5537450b54
1ce2800f0ceb6a61,프론트엔드 개발자/디자이너/기획/마케터 정직원,마이플래닛,성남 수정구,https://kr.indeed.com/viewjob?jk=1ce2800f0ceb6a61
fc037709d0770796,System SW 엔지니어,딥엑스,성남 분당구,https://kr.indeed.com/viewjob?jk=fc037709d0770796
c8118047a6dc2356,대기업 계열 자동차 전장회사 AI/DX (CTO) 경력사원,풀림,서울 강서구,https://kr.indeed.com/viewjob?jk=c8118047a6dc2356
40e19d531c7a599d,[전액무료] IT취업 자바/파이썬/빅데이터/인공지능 교육생,에이콘아카데미,서울 종로구,https://kr.indeed.com/viewjob?jk=40e19d531c7a599d
bbbfbb33164df0e3,"Junior Software Engineer, Server Platform",Sendbird,서울,https://kr.indeed.com/viewjob?jk=bbbfbb33164df0e3
0b39aabcd0d600ba,빅데이타 기반 로보어드바이져 전략 및 시스템 개발,수커리어컨설팅,서울 강서구,https://kr.indeed.com/viewjob?jk=0b39aabcd0d600ba
d3d33eafc5f2c0ac,데이터인사이트팀 Data scientist 직무 경력직,LG전자,서울특별시,https://kr.indeed.com/viewjob?jk=d3d33eafc5f2c0ac
9e9a88551e0a3dfe,유명 패션기업) 소비자분석 CRM 기획 경력직( 주임대리급),피액스인터내셔날,서울 강남구,https://kr.indeed.com/viewjob?jk=9e9a88551e0a3dfe
dc74730c92ce5050,Data Scientist,뱅크샐러드,서울 영등포구,https://kr.indeed.com/viewjob?jk=dc74730c92ce5050
608311437cb9d688,2021년 9월 롯데정보통신 경력사원 (Cloud/BigData/AI 부문),롯데정보통신,서울 금천구,https://kr.indeed.com/viewjob?jk=608311437cb9d688
a4015a0d112e9569,프론트엔드 정규직,바이오에이아이,서울 강남구,https://kr.indeed.com/viewjob?jk=a4015a0d112e9569
d0ca27a97ddf91f9,엔미디어플랫폼 데이터베이스 관리자 (DBA) 인재 안내,리더스소프트,성남 분당구,https://kr.indeed.com/viewjob?jk=d0ca27a97ddf91f9
5b2574aec8e1d083,딥러닝 개발자 정규직,바이오에이아이,서울 강남구,https://kr.indeed.com/viewjob?jk=5b2574aec8e1d083
d13fce11058e6cf1,보안 모니터링 시스템 개발 및 운영 담당자 모집,카카오,성남 판교역,https://kr.indeed.com/viewjob?jk=d13fce11058e6cf1
291462449ae1fd92,Research Analyst (2개월 단기계약직),IBM,서울,https://kr.indeed.com/viewjob?jk=291462449ae1fd92
116009dbf59211ed,퍼즐데이터 역량있는 데이터 분석가,주식회사퍼즐데이터,서울 역삼동,https://kr.indeed.com/viewjob?jk=116009dbf59211ed
da580add74667bd6,Data Scientist,Soomgo,서울 강남구,https://kr.indeed.com/viewjob?jk=da580add74667bd6
6569fa825821926c,"정보데이터 수신, 전처리, 다차원 데이터 행렬분석 EDA처리 전문가",수커리어컨설팅,서울 강서구,https://kr.indeed.com/viewjob?jk=6569fa825821926c
17cb170cfefd8348,Support Escalation Engineer,Microsoft,서울,https://kr.indeed.com/viewjob?jk=17cb170cfefd8348
e862bb7cf9eedd84,[TmaxTibero/기술] DBMS 제품 QA 신입 및 경력,티맥스소프트,성남 분당구,https://kr.indeed.com/viewjob?jk=e862bb7cf9eedd84
1874aaee481880be,클라우드 오퍼레이션 엔지니어,NHN SOFT,성남 판교역,https://kr.indeed.com/viewjob?jk=1874aaee481880be
04d685fc70b67d4e,Linux/Python/PHP/MySQL/백엔드 정규직 경력,일루미나리안,용인 보정동,https://kr.indeed.com/viewjob?jk=04d685fc70b67d4e
0a860af0e34122c5,퀀트운용본부 운용역(경력직) (재연장),비엔케이자산운용,대한민국,https://kr.indeed.com/viewjob?jk=0a860af0e34122c5
b9a9af798e9d24a5,보안 개발자 모집,넷마블,서울 구로구,https://kr.indeed.com/viewjob?jk=b9a9af798e9d24a5
f0db02b55ac0f284,A.I 인공지능 개발 경력직,파이프트리스마트팜,서울 송파구,https://kr.indeed.com/viewjob?jk=f0db02b55ac0f284
c18db5d32e7ca8da,Support Engineer,Microsoft,서울,https://kr.indeed.com/viewjob?jk=c18db5d32e7ca8da
d193999bb6d038d4,Analog Design Engineer,Cirrus Logic,서울,https://kr.indeed.com/viewjob?jk=d193999bb6d038d4
6a68b4e0dc19995e,SoC ASIC 설계 엔지니어 (딥러닝 하드웨어 프로세서 개발),딥엑스,성남 분당구,https://kr.indeed.com/viewjob?jk=6a68b4e0dc19995e
1b3ad64e7a39c01a,IoT 기기 및 네트워크 취약점 점검 개발자,노르마,서울 성동구,https://kr.indeed.com/viewjob?jk=1b3ad64e7a39c01a
21a0e331ee51e576,"공간정보사업부 [신입, 경력] GIS DB 구축",㈜정도유아이티,서울 강남구,https://kr.indeed.com/viewjob?jk=21a0e331ee51e576
c8f4783faff92438,[㈜삼표]Digital Innovation부문 모집,삼표그룹,서울 수송동,https://kr.indeed.com/viewjob?jk=c8f4783faff92438
3320fb43584e636f,빅데이터시스템 운영 엔지니어,케이티넥스알,서울 서초구,https://kr.indeed.com/viewjob?jk=3320fb43584e636f
40bd05778cdab790,AI Research Engineer,Intel,서울,https://kr.indeed.com/viewjob?jk=40bd05778cdab790
907127d8cff7d3ae,[디어젠] 서비스개발그룹 신입/경력 정규직,디어젠,서울 서초구,https://kr.indeed.com/viewjob?jk=907127d8cff7d3ae
76ef0d2df960b0f6,"Student Training in Engineering Program, 2021, People with D...",Google,서울,https://kr.indeed.com/viewjob?jk=76ef0d2df960b0f6
edb86174fbe42b0b,[Tridge] Junior Software Engineer - Backend (신입/경력),트릿지,서울 서초구,https://kr.indeed.com/viewjob?jk=edb86174fbe42b0b
bc5131eb1f2981cb,이공지능(AI) / 딥러닝 / Computer Vision 경력자 정규직,더블미코리아,서울 서초구,https://kr.indeed.com/viewjob?jk=bc5131eb1f2981cb
8531ebf9afc151e9,품질센터 인재 Pool 등록 (9월 경력),LG에너지솔루션,청주 오창읍,https://kr.indeed.com/viewjob?jk=8531ebf9afc151e9
cae2de07045cfb2b,"Java, Python 영상툴 개발자",에이아이메이커,서울 마곡동,https://kr.indeed.com/viewjob?jk=cae2de07045cfb2b
5331de34a85a125a,[코그넥스] 딥러닝 연구원 (신입/경력/전문연구요원),코그넥스코리아,서울 서초구,https://kr.indeed.com/viewjob?jk=5331de34a85a125a
165e4c7efa4020ce,추천 AI 기술 연구 및 개발자 모집,엔씨소프트,성남 판교역,https://kr.indeed.com/viewjob?jk=165e4c7efa4020ce
7268328c0d71d81c,Junior Full-Stack Developer,Asiance,서울,https://kr.indeed.com/viewjob?jk=7268328c0d71d81c
9193b9de45a0ac1c,Embedded Software Engineer - Connected,GE Appliances,경기도 성남,https://kr.indeed.com/viewjob?jk=9193b9de45a0ac1c
45f9a39bdf645e57,기술혁신센터 경력사원,삼성SDI,충청남도 천안,https://kr.indeed.com/viewjob?jk=45f9a39bdf645e57
e03c3db92d5c1291,"백엔드, 웹개발 경력 정규직 - 스타트업/워라밸/수평문화/연봉최대협의",티에스커리어,안양 동안구,https://kr.indeed.com/viewjob?jk=e03c3db92d5c1291
e0e37aaebc73dde3,지표구축,아프리카TV,경기도 성남,https://kr.indeed.com/viewjob?jk=e0e37aaebc73dde3
a3a65a4d59061430,위시켓과 함께할 서버개발자님,위시켓,서울 강남구,https://kr.indeed.com/viewjob?jk=a3a65a4d59061430
ad072f017c286d42,데이터 엔지니어,RIDI Corp,서울,https://kr.indeed.com/viewjob?jk=ad072f017c286d42
847b83c4abbb47d8,소프트웨어 개발 연구원,(주)하드커널,경기도 안양,https://kr.indeed.com/viewjob?jk=847b83c4abbb47d8
9e1861e691426a98,Field AI Engineer,Graphcore,서울,https://kr.indeed.com/viewjob?jk=9e1861e691426a98
b99fdac1ecbccb28,(주)엘솔루 음성인식팀 개발직,㈜엘솔루,서울,https://kr.indeed.com/viewjob?jk=b99fdac1ecbccb28
4de10ddc3715df93,"Software Engineer, Korea",Bear Robotics,서울,https://kr.indeed.com/viewjob?jk=4de10ddc3715df93
40de6a4b81f8724f,[전문연구요원 신규편입/전직] 의료영상/음성인식/생체신호 연구원,뷰노코리아,서울 서초구,https://kr.indeed.com/viewjob?jk=40de6a4b81f8724f
79304a56b5a6379b,Business Analyst,Numerix,대한민국,https://kr.indeed.com/viewjob?jk=79304a56b5a6379b
75c348600e4ba140,국내 대기업 - 고객 데이터분석 포지션,라피플코리아리미티드,서울,https://kr.indeed.com/viewjob?jk=75c348600e4ba140
8d05eb89c3dfb9f3,IT/AI 개발 팀원/팀장,제이로고스,서울 용산구,https://kr.indeed.com/viewjob?jk=8d05eb89c3dfb9f3
67d8fe487c9744cb,[하나금융그룹] 데이터분석 모집,하나금융티아이,인천 청라동,https://kr.indeed.com/viewjob?jk=67d8fe487c9744cb
9144817ca6d5abb5,[경기지역 우수중소기업 온라인 박람회],넷믹스,성남 분당구,https://kr.indeed.com/viewjob?jk=9144817ca6d5abb5
43165d6905d319a4,(주)엘솔루 서비스기획 관리자,㈜엘솔루,서울,https://kr.indeed.com/viewjob?jk=43165d6905d319a4
dc7e8ebe28f1cfc8,디지털개발부_데이터 엔지니어,라이나생명,서울 청진동,https://kr.indeed.com/viewjob?jk=dc7e8ebe28f1cfc8
6825074ac2d6f4ad,[INEEJI 인공지능연구소] AI 예측 전문기업 개발팀원,인이지,성남 분당구,https://kr.indeed.com/viewjob?jk=6825074ac2d6f4ad
1e8539a3b6e3380d,[현장코칭](주)대연씨앤아이 웹솔루션 개발 사원 (JAVA/Python),대연씨앤아이,서울 구로구,https://kr.indeed.com/viewjob?jk=1e8539a3b6e3380d
ffacf5c4b4ca412c,물류 수/배송 최적화 및 거점 네트워크 설계 전문가 (유명 대기업),바이커리어,서울,https://kr.indeed.com/viewjob?jk=ffacf5c4b4ca412c
7775b827d4b88430,[디지털컨텐츠사] Andorid App 개발자,커리어라임즈,성남 분당구,https://kr.indeed.com/viewjob?jk=7775b827d4b88430
4504ea6987105e21,"[자동차 전장부품 우량대기업] Embedded 보안, 방화벽 경력인재",에스에프인촌,서울,https://kr.indeed.com/viewjob?jk=4504ea6987105e21
aba225f00e2e947a,"경력직 인재(리서치RA,기업금융,신탁운용,법인대체,법인금융,상품감리,연금세무사,영상,대출주선,파생운용,투자심...",하나금융투자,서울 여의도,https://kr.indeed.com/viewjob?jk=aba225f00e2e947a
0c8103efd26d466c,데이터센터 운영 도구 개발,NHN,성남 판교역,https://kr.indeed.com/viewjob?jk=0c8103efd26d466c
ae185a03d7b8f71e,"사물인터넷(IoT) 개발, 메카트로닉스 외 신입/경력 정규직",리쉐니에,수원 영통구,https://kr.indeed.com/viewjob?jk=ae185a03d7b8f71e
f03f32baf583e586,Data Scientist 경력인재 - 글로벌 우량대기업,에스에프인촌,서울,https://kr.indeed.com/viewjob?jk=f03f32baf583e586
a2b38b230474e622,카카오 전사 QA 모집,카카오,성남 판교역,https://kr.indeed.com/viewjob?jk=a2b38b230474e622
29faa893f345e036,GEDP,GE Appliances,경기도 성남,https://kr.indeed.com/viewjob?jk=29faa893f345e036
04044b7adf40d7a4,금융 AI 기술 연구 개발자 모집,엔씨소프트,성남 판교역,https://kr.indeed.com/viewjob?jk=04044b7adf40d7a4
61129aa476159ff4,[NICE평가정보] IT서비스 개발 및 운영 신입 및 경력 채용,NICE그룹,서울 여의도,https://kr.indeed.com/viewjob?jk=61129aa476159ff4
735e4c90be83e703,마케팅 데이터분석가,RIDI Corp,서울,https://kr.indeed.com/viewjob?jk=735e4c90be83e703
89b2f784c88c8a1b,[신입/경력] SW Engineer/Backend/Frontend 개발자,뷰노코리아,서울 서초구,https://kr.indeed.com/viewjob?jk=89b2f784c88c8a1b
0b519e19e88aaddf,[하나금융그룹] 데이터엔지니어 모집,하나금융티아이,인천 청라동,https://kr.indeed.com/viewjob?jk=0b519e19e88aaddf
28e8827913a5a90b,[서울게임아카데미] 게임개발분야 국기 교육생,서울게임,서울 종로구,https://kr.indeed.com/viewjob?jk=28e8827913a5a90b
d6646934ff20ae4d,Senior Product Specialist,SAP,서울,https://kr.indeed.com/viewjob?jk=d6646934ff20ae4d
52a593e64d404756,Sales Engineer,DataDog,서울,https://kr.indeed.com/viewjob?jk=52a593e64d404756
8caf5bd81e36fd69,"플랫폼 서비스 엔지니어 (DevOps, SRE) 모집",엔씨소프트,성남 판교역,https://kr.indeed.com/viewjob?jk=8caf5bd81e36fd69
409c1253b2dde75b,동국대학교 데이터분석팀 연구원(계약직) 채용공고,동국대학교,서울 필동,https://kr.indeed.com/viewjob?jk=409c1253b2dde75b
3d4c1f44a986c291,데이터분석 플랫폼 개발,KB데이타시스템,서울 마포구,https://kr.indeed.com/viewjob?jk=3d4c1f44a986c291
9d22a44df3595182,Data Analyst,IBM,서울,https://kr.indeed.com/viewjob?jk=9d22a44df3595182
ff5b5fcb175a0edd,Vision AI Engineer,LINE Plus corporation,대한민국,https://kr.indeed.com/viewjob?jk=ff5b5fcb175a0edd
63bd0323ac917d78,[아이콘트롤스] 2020년 경력 직원 (기술연구소) 연구개발부문,HDC아이콘트롤스,성남 분당구,https://kr.indeed.com/viewjob?jk=63bd0323ac917d78
ddd73e2508953098,연구소 개발부문 연구원 직원 (MCU 계측제어설계/머신비전/이미지프로세싱),모든다해,경기도 광명,https://kr.indeed.com/viewjob?jk=ddd73e2508953098
fc09bd46b913c048,시스템 엔지니어링,NHN,성남 판교역,https://kr.indeed.com/viewjob?jk=fc09bd46b913c048
effe8f38a8435be6,Software Developer - OSS and Network Management,Ericsson,서울,https://kr.indeed.com/viewjob?jk=effe8f38a8435be6
0a37efa0089eb318,[2021신입공채] Data Science,엔씨소프트,성남 판교역,https://kr.indeed.com/viewjob?jk=0a37efa0089eb318
e658236007117d98,Junior Business Analyst (Non-tech),Coupang,서울,https://kr.indeed.com/viewjob?jk=e658236007117d98
7a4a03e57d1263a2,기업부설연구소 연구원 경력 정규직,이룸에스엔에스,경기도 부천,https://kr.indeed.com/viewjob?jk=7a4a03e57d1263a2
d1d19ef1b147591a,"마케팅 전략, e-Commerce 비즈니스 사업/운영전략, 소비자 데이터 분석(Data Analytics),",코어포인트,서울 송파구,https://kr.indeed.com/viewjob?jk=d1d19ef1b147591a
db26147e9223e38a,[L'Oreal Korea] IT Business Analyst,L'Oreal,서울,https://kr.indeed.com/viewjob?jk=db26147e9223e38a
95946773d4816f0d,"머신러닝, 데이터분석 외 경력 정규직",에임즈인터내셔널코리아,서울 강남구,https://kr.indeed.com/viewjob?jk=95946773d4816f0d
47a53b821bdcbca1,소프트웨어/머신러닝 엔지니어 및 Bioinformatics and Proteomics Researcher,바이온사이트,서울 강남구,https://kr.indeed.com/viewjob?jk=47a53b821bdcbca1
8c5adc11ff45a025,Solution Architect (South Korea),Qlik,서울,https://kr.indeed.com/viewjob?jk=8c5adc11ff45a025
aa13332a8009c705,Application Engineer Korea,IMS Nanofabrication,경기도 화성,https://kr.indeed.com/viewjob?jk=aa13332a8009c705
c25feb431668b850,Teacher,Grace International Academy (School for the...,서울 / 원격근무,https://kr.indeed.com/viewjob?jk=c25feb431668b850
2ed3e4a3af5a561e,(주)풀무원 AI팀장 모집,풀무원,서울특별시,https://kr.indeed.com/viewjob?jk=2ed3e4a3af5a561e
c743d6fff6366b0e,Professional Services Intern,Amazon Web Services Korea LLC,서울,https://kr.indeed.com/viewjob?jk=c743d6fff6366b0e
d4c94aa1d7e84908,금융 데이터 분석 및 모델 개발,케이지제로인,대한민국,https://kr.indeed.com/viewjob?jk=d4c94aa1d7e84908
1d2b22a2bcd3256f,[AI/Lab] AI 백엔드 엔지니어 (마케팅 분야),버즈니,서울,https://kr.indeed.com/viewjob?jk=1d2b22a2bcd3256f
3330430ae94277db,[타다]데이터 분석가/사이언티스트,쏘카,제주도 제주,https://kr.indeed.com/viewjob?jk=3330430ae94277db
480d7f760c67cda5,Assistant Professor of Computational and Data Sciences (CDS),George Mason University Korea,인천 송도동,https://kr.indeed.com/viewjob?jk=480d7f760c67cda5
1588ad33aa485697,Partner Technical Consultant,Microsoft,서울,https://kr.indeed.com/viewjob?jk=1588ad33aa485697
d750f36b2d487e5d,금융컨설팅본부 채용,KIS채권평가,서울 여의도,https://kr.indeed.com/viewjob?jk=d750f36b2d487e5d
b79ad3cfd50fd132,Associate Application Developer,Amazon Web Services Korea LLC,서울,https://kr.indeed.com/viewjob?jk=b79ad3cfd50fd132
7cae32eea182f3ad,Developer,Ericsson,서울,https://kr.indeed.com/viewjob?jk=7cae32eea182f3ad
d585814d097935eb,카카오톡 보이스톡/페이스톡/라이브톡 개발자 모집,카카오,성남 판교역,https://kr.indeed.com/viewjob?jk=d585814d097935eb
9f0ce22eee4259bb,"교육 기획/운영, 시스템 기획",매직에코,서울 성동구,https://kr.indeed.com/viewjob?jk=9f0ce22eee4259bb
1e708a23b9f87c19,JAVA 개발자 경력직/신입,로지포커스,서울 성동구,https://kr.indeed.com/viewjob?jk=1e708a23b9f87c19
60897e7668c2f24c,LINE Desktop Client 개발,LINE Plus corporation,대한민국,https://kr.indeed.com/viewjob?jk=60897e7668c2f24c
8b0f7697588ec6b4,Account Executive - Korea,Mistplay,서울,https://kr.indeed.com/viewjob?jk=8b0f7697588ec6b4
4c4cadbbd7e9217a,Video Picture Quality algorithm Engineer,리얼텍세미콘덕터코페레이션코리아오피스,서울 강남구,https://kr.indeed.com/viewjob?jk=4c4cadbbd7e9217a
dbed337776725715,System Engineer 분야 모집,11번가,서울 남대문로5가,https://kr.indeed.com/viewjob?jk=dbed337776725715
166aa0c72e94a266,Sr. Business Data Analyst,Soomgo,서울 강남구,https://kr.indeed.com/viewjob?jk=166aa0c72e94a266
8c8c96a3ffac77f8,데이터 엔지니어 경력 정규직,아이디케이스퀘어드,서울 중구,https://kr.indeed.com/viewjob?jk=8c8c96a3ffac77f8
11e864467b976aa6,"경남 ICT 이노베이션스퀘어 사업 인공지능, 블록체인 교육생",재단법인경남테크노파크,창원 마산회원구,https://kr.indeed.com/viewjob?jk=11e864467b976aa6
d3a6ba916d772b85,[인공지능기업] 병역특례 산업기능요원 (SW개발자),머니브레인,서울,https://kr.indeed.com/viewjob?jk=d3a6ba916d772b85
cea8db2153898382,[서비스 플랫폼] 백엔드 엔지니어 (전문연구요원 가능),버즈니,서울,https://kr.indeed.com/viewjob?jk=cea8db2153898382
941687b6bbb14d81,웹 개발자 경력 Java/Php/Javascript/Python/Html/CSS 등 프로젝트 경력자,바이오브레인,대전 서구,https://kr.indeed.com/viewjob?jk=941687b6bbb14d81
53f4c60a85bf3609,Senior(Manager) Business Analysis (CRM Targeting),Coupang,서울,https://kr.indeed.com/viewjob?jk=53f4c60a85bf3609
70fadfe5077b6728,"Software Engineer, Robotics",Bear Robotics,서울,https://kr.indeed.com/viewjob?jk=70fadfe5077b6728
af5683389907a8c9,백엔드 개발자 (경력),크로스앵글,서울 역삼동,https://kr.indeed.com/viewjob?jk=af5683389907a8c9
823b346907a9276f,Software Applications Engineer (BSP),Qualcomm CDMA Technologies (Korea) YH,경기도 수원,https://kr.indeed.com/viewjob?jk=823b346907a9276f
2e471d0cf19be66c,Coupang Business Analyst (Non Tech),Coupang,서울,https://kr.indeed.com/viewjob?jk=2e471d0cf19be66c
e99d30a8f6947b41,모니터링 솔루션 개발자 모집,카카오,성남 판교역,https://kr.indeed.com/viewjob?jk=e99d30a8f6947b41
d456245a010d9a5e,휴머스온 SW개발자 대졸 신입공채,휴머스온,서울 강남구,https://kr.indeed.com/viewjob?jk=d456245a010d9a5e
a0bc80a2fcbbc8a3,시스템 개발 신입사원 모집,교보문고,대한민국,https://kr.indeed.com/viewjob?jk=a0bc80a2fcbbc8a3
43f8edb38c7888c7,[위메프오] 서버개발자(정규직),위메프,대한민국,https://kr.indeed.com/viewjob?jk=43f8edb38c7888c7
dd4d8e59a4a9265d,Data Specialist (Scientist&&Engineer),아우름플래닛,서울 마포구,https://kr.indeed.com/viewjob?jk=dd4d8e59a4a9265d
1d15e5adc115c979,서비스 개발 및 운영 관리,아이엠비디엑스,서울 금천구,https://kr.indeed.com/viewjob?jk=1d15e5adc115c979
a779b664eb17fec2,대기업 딥러닝 기반 영상처리 개발자 (판교),인파트너스,서울,https://kr.indeed.com/viewjob?jk=a779b664eb17fec2
b92aa9fa4dd865f2,PM/PL & 데이터분석가 & 일반영업 정규직,데이터누리,서울 강서구,https://kr.indeed.com/viewjob?jk=b92aa9fa4dd865f2
0d10d8993d3cdfa9,HW/SW 분야 직무 교육 전문강사,에이치에스글로벌,서울 강남구,https://kr.indeed.com/viewjob?jk=0d10d8993d3cdfa9
918468d6e12a17e8,네트워크 엔지니어링,NHN,성남 판교역,https://kr.indeed.com/viewjob?jk=918468d6e12a17e8
be5480e05e4cb55b,Software Engineer for Deep Learning Inference,Qualcomm Korea YH,서울,https://kr.indeed.com/viewjob?jk=be5480e05e4cb55b
49d127c231640d09,Field Service Engineer,Novetta,서울,https://kr.indeed.com/viewjob?jk=49d127c231640d09
e1d5405637b083e5,[정보보안] 보안기반 분석 개발 담당자 모집,엔씨소프트,성남 판교역,https://kr.indeed.com/viewjob?jk=e1d5405637b083e5
32dcc690f5be7f10,Software Engineer - Full Stack (MLOps),"Seoul Robotics Co., Ltd",서울,https://kr.indeed.com/viewjob?jk=32dcc690f5be7f10
2cfd15907402c5cc,DGIST 제2차 계약직 연구원 채용공고,대구경북과학기술원,대구 현풍면,https://kr.indeed.com/viewjob?jk=2cfd15907402c5cc
ce7849f8b35e1c3e,Technical Enablement Manager,DataDog,서울,https://kr.indeed.com/viewjob?jk=ce7849f8b35e1c3e
031eec3794f09645,데이터 서비스/플랫폼 개발,NHN,성남 판교역,https://kr.indeed.com/viewjob?jk=031eec3794f09645
1770f116606eeeb0,[커머스 플랫폼] 백엔드 엔지니어 (전문연구요원 가능),버즈니,서울,https://kr.indeed.com/viewjob?jk=1770f116606eeeb0
b6eea437d4af95fd,[더블유게임즈 자회사] 기획/디자인/개발/데이터분석,더블다운인터액티브,서울 강남구,https://kr.indeed.com/viewjob?jk=b6eea437d4af95fd
cca7ac409848f7f7,Cloud Support Engineer - Storage & CDN,Amazon Web Services Korea LLC,서울,https://kr.indeed.com/viewjob?jk=cca7ac409848f7f7
7420bd6ad89ff63a,미국 법인 보안 담당자,NHN,성남 판교역,https://kr.indeed.com/viewjob?jk=7420bd6ad89ff63a
df1ca261998e19b1,디지털 로직설계,LG전자,서울 서초구,https://kr.indeed.com/viewjob?jk=df1ca261998e19b1
c25feb431668b850,Teacher,Grace International Academy (School for the...,서울 / 원격근무,https://kr.indeed.com/viewjob?jk=c25feb431668b850
b25ed61fb84a5785,프론트엔드 개발자,스포카,서울 강남구,https://kr.indeed.com/viewjob?jk=b25ed61fb84a5785
bbb49ae0b019afe4,"펌웨어, 소프트웨어 외 경력 정규직",파이프트리스마트팜,서울 송파구,https://kr.indeed.com/viewjob?jk=bbb49ae0b019afe4
4ad9a425978181fd,[주5일 파트타임] (주)규 개발팀 사원,규,부산 수영구,https://kr.indeed.com/viewjob?jk=4ad9a425978181fd
af00831a17d0d6f9,[인공지능기업] 데이터사이언티스트 (경력),머니브레인,서울,https://kr.indeed.com/viewjob?jk=af00831a17d0d6f9
30c7776925c0e629,Field Service Engineer Korean Branch,IMS Nanofabrication,경기도 화성,https://kr.indeed.com/viewjob?jk=30c7776925c0e629
6fe5311eacbea17a,데이터 인프라 담당자 모집,카카오,성남 판교역,https://kr.indeed.com/viewjob?jk=6fe5311eacbea17a
b970fab4900ee5ec,[포털서비스] AB테스트 설계/분석 데이터 엔지니어 및 서버 개발자 모집,카카오,성남 판교역,https://kr.indeed.com/viewjob?jk=b970fab4900ee5ec
ee64abe502f8ee94,[NAVER Cloud] 가상화 코어 기술 연구 및 개발 (SW),네이버,서울,https://kr.indeed.com/viewjob?jk=ee64abe502f8ee94
21b3c46baa6219c5,"데이터사이언스, mSQL 외 경력 정규직",에임즈인터내셔널코리아,서울 강남구,https://kr.indeed.com/viewjob?jk=21b3c46baa6219c5
ad07d6a330fb619a,NHN Cloud 운영 및 기술지원,NHN,성남 판교역,https://kr.indeed.com/viewjob?jk=ad07d6a330fb619a
df228c302c3c8f9b,서버개발자(벡앤드) 정규직,오비이랩,서울 강남구,https://kr.indeed.com/viewjob?jk=df228c302c3c8f9b
f21952a2d7a0bfd8,"[Robotics] Robotics Software Engineer, Navigation",네이버,서울,https://kr.indeed.com/viewjob?jk=f21952a2d7a0bfd8
465a5de3a714b1f9,풀무원식품㈜ Digital Smart Factory 운영관리 경력직 채용(음성),풀무원,충청북도,https://kr.indeed.com/viewjob?jk=465a5de3a714b1f9
0224e8cd9aba5320,Network Engineer,Blizzard Entertainment,서울,https://kr.indeed.com/viewjob?jk=0224e8cd9aba5320
b3a6c83c9debcb92,네이버 파이낸셜 플랫폼 운영,NIT Service,성남 삼평동,https://kr.indeed.com/viewjob?jk=b3a6c83c9debcb92
9414497122a587c9,[Manta] 데이터분석가,RIDI Corp,서울,https://kr.indeed.com/viewjob?jk=9414497122a587c9
a2dae54041e18fe1,SW 개발자 정규직,위고컴퍼니,서울 서초구,https://kr.indeed.com/viewjob?jk=a2dae54041e18fe1
ff18a4163a1841a2,[이커머스 대기업] 챗봇 시스템 개발 (사원~책임급),커리어라임즈,서울 송파구,https://kr.indeed.com/viewjob?jk=ff18a4163a1841a2
cfc6c4d6a4cd83bd,Senior Analyst - Data Analytics,McKinsey & Company,서울,https://kr.indeed.com/viewjob?jk=cfc6c4d6a4cd83bd
77dfad5a778a94c2,Senior Data Scientist,Boston Consulting Group,서울,https://kr.indeed.com/viewjob?jk=77dfad5a778a94c2
6dd4414fc604cb64,[NICE평가정보] 기업정보솔루션 신입 및 경력 채용,NICE그룹,서울 여의도,https://kr.indeed.com/viewjob?jk=6dd4414fc604cb64
c80b67aa02a7b226,인공지능연구소 우수인력 초빙 - 연구원 및 연구관리직 -,광주과학기술원,광주 북구,https://kr.indeed.com/viewjob?jk=c80b67aa02a7b226
774afc35e3ec6e5a,[AI/Lab] Recommendation System 리서치 엔지니어,버즈니,서울,https://kr.indeed.com/viewjob?jk=774afc35e3ec6e5a
96bb239ebd9b6508,Digital Analytics Specialist,Media.Monks,서울,https://kr.indeed.com/viewjob?jk=96bb239ebd9b6508
421d841e9b0746e7,[NAVER Cloud] MongoDB 데이터베이스 엔지니어 (DBA),네이버,서울,https://kr.indeed.com/viewjob?jk=421d841e9b0746e7
05aa5498d84c58e1,데이터 엔지니어(신입/경력),쏘카,제주도 제주,https://kr.indeed.com/viewjob?jk=05aa5498d84c58e1
c466285b7709ec78,[전주] 랜선하우스 파이썬 웹/앱 개발자분,랜선하우스부동산투어,전주 완산구,https://kr.indeed.com/viewjob?jk=c466285b7709ec78
94c6f33e06108a04,Senior Analytics Consultant,Experian,서울,https://kr.indeed.com/viewjob?jk=94c6f33e06108a04
8d43cb4ea87ff50c,[하나금융융합기술원] Computer Vision 경력사원 모집,하나금융티아이,인천 청라동,https://kr.indeed.com/viewjob?jk=8d43cb4ea87ff50c
c84b6d4517f8f283,채권평가사업본부 채용,KIS채권평가,서울 여의도,https://kr.indeed.com/viewjob?jk=c84b6d4517f8f283
99613e4077d44a10,[Manta] 데이터분석가 (제품),RIDI Corp,서울,https://kr.indeed.com/viewjob?jk=99613e4077d44a10
0848c82a5ebb191b,"Engr, Apps Dev 3",KLA-Tencor,경기도 화성,https://kr.indeed.com/viewjob?jk=0848c82a5ebb191b
6222ccd51e1464f0,Application Architect,Amazon Web Services Korea LLC,서울,https://kr.indeed.com/viewjob?jk=6222ccd51e1464f0
53f8e8ae0a381900,Shield Data Scientist,LINE Plus corporation,대한민국,https://kr.indeed.com/viewjob?jk=53f8e8ae0a381900
1167a73dd0ba29d9,"건축, 토목 기초 설계 및 시공 관련 공무 담당자",지오스트,서울 강서구,https://kr.indeed.com/viewjob?jk=1167a73dd0ba29d9
1b71fdc159c6f670,DB 엔지니어(DBA) 모집,넷마블,서울 구로구,https://kr.indeed.com/viewjob?jk=1b71fdc159c6f670
464ef95516a5fa5c,8퍼센트 경력 개발자,8퍼센트,서울 종로구,https://kr.indeed.com/viewjob?jk=464ef95516a5fa5c
18b288e9021d899f,NAVER IDC 서버 운영/관리,NIT Service,춘천 동면,https://kr.indeed.com/viewjob?jk=18b288e9021d899f
d81985281acd89e3,게임데이터 분석 및 지표 개발자 모집,엔씨소프트,성남 판교역,https://kr.indeed.com/viewjob?jk=d81985281acd89e3
5123207a169f90eb,Lead AI Platform Developer,AITRICS,서울,https://kr.indeed.com/viewjob?jk=5123207a169f90eb
add880a19f345249,"Customer Engineer, Machine Learning, Google Cloud Customers",Google,서울,https://kr.indeed.com/viewjob?jk=add880a19f345249
91aa3bd221ee815b,AI Service Planning/Business Development,AITRICS,서울,https://kr.indeed.com/viewjob?jk=91aa3bd221ee815b
6235d170bda87fdb,(주)메디픽셀 Research Engineer on Medical Imaging 정규직,메디픽셀,서울 마포구,https://kr.indeed.com/viewjob?jk=6235d170bda87fdb
115c46e0d1df11d8,[개발자] 모비데이즈 프론트엔드 개발자 경력직 채용,Mobidays,서울특별시,https://kr.indeed.com/viewjob?jk=115c46e0d1df11d8
2b7c67c7f1fe78ff,"PI&CS Engineer (전장계측 엔지니어, Process Information & Control Sol...",3M,전라남도,https://kr.indeed.com/viewjob?jk=2b7c67c7f1fe78ff
8e2b96836395bcb1,아이템 서비스 개발 (대용량 데이터처리),아프리카TV,경기도 성남,https://kr.indeed.com/viewjob?jk=8e2b96836395bcb1
c25feb431668b850,Teacher,Grace International Academy (School for the...,서울 / 원격근무,https://kr.indeed.com/viewjob?jk=c25feb431668b850
1961a1ecccb03336,[NIT Service] 네이버 파이낸셜 플랫폼 운영,엔아이티서비스,성남 분당구,https://kr.indeed.com/viewjob?jk=1961a1ecccb03336
9d385d70e2c8c644,[글로벌컨설팅사] Data Platform,인코리아 프로페셔널,서울,https://kr.indeed.com/viewjob?jk=9d385d70e2c8c644
b376351fcbd1750e,자동차 전장 ASDL-Security SW 전문가,LG전자,서울특별시,https://kr.indeed.com/viewjob?jk=b376351fcbd1750e
aed077f9e541906c,퀀트운용본부 경력사원,디비자산운용,대한민국,https://kr.indeed.com/viewjob?jk=aed077f9e541906c
af93956bb6416b19,"Principal, Capacity Planning",Coupang,서울,https://kr.indeed.com/viewjob?jk=af93956bb6416b19
833a4d9bb5840b70,Senior Data Scientist (Korea),FPT Software,대한민국,https://kr.indeed.com/viewjob?jk=833a4d9bb5840b70
6c1d50662fa2d7f7,서울 강남구 인썸니아 시니어 개발자 및 퍼블리셔,인썸니아,서울 서초구,https://kr.indeed.com/viewjob?jk=6c1d50662fa2d7f7
3481d28c4e3ddef2,[물류플랫폼] 프론트/백엔드 개발자 채용(경력직),심플로지스(주),인천,https://kr.indeed.com/viewjob?jk=3481d28c4e3ddef2
d621cbb75440764e,백엔드 개발자,뉴트리션코트,서울 강남구,https://kr.indeed.com/viewjob?jk=d621cbb75440764e
0c0cb6265650c9e9,광학솔루션사업부 DX업무 지원 계약직,LG이노텍,경기도 안산,https://kr.indeed.com/viewjob?jk=0c0cb6265650c9e9
65031cc292b35c45,웹프로그래머 및 경영지원 부문 공채(정규직),포스팟,안양 동안구,https://kr.indeed.com/viewjob?jk=65031cc292b35c45
1cef5afbf6396602,Back-end Developer/DevOps Engineer,Asiance,서울,https://kr.indeed.com/viewjob?jk=1cef5afbf6396602
a98eb9cf76d8f726,"웹프로그래머/Python/SQL DB/WebRTC/CSS,PHP etc 신입/경력 정규직",리쉐니에,수원 영통구,https://kr.indeed.com/viewjob?jk=a98eb9cf76d8f726
e96099b3e473d165,아이나비 ADAS 영상처리 알고리즘 개발자 신입 및 경력 모집,팅크웨어(주) 관심기업 코스닥,성남 삼평동,https://kr.indeed.com/viewjob?jk=e96099b3e473d165
91097e65849243a2,Analytics Consultant (PharmDash) - Korea,Prospection Pty,대한민국,https://kr.indeed.com/viewjob?jk=91097e65849243a2
6141229c69b83068,Web Front-end 개발자,코그넷나인,서울 서초구,https://kr.indeed.com/viewjob?jk=6141229c69b83068
13228587401fc822,Technical Artist (Unreal Engine 경험자) 국내유명 방송드라마/영화 제작사의 자회사,,서울 논현동,https://kr.indeed.com/viewjob?jk=13228587401fc822
28b343c3943a7dca,"웹개발, 백엔드 외 경력 정규직",핀후드,서울 성동구,https://kr.indeed.com/viewjob?jk=28b343c3943a7dca
3d8c890cd0f75b23,Field Code Scanning Architect,Github,서울,https://kr.indeed.com/viewjob?jk=3d8c890cd0f75b23
2cea89628083fd37,"[국비지원 전액무료 80명]AI(인공지능),BC(블록체인) 교육생",고려대학교 세종캠퍼스,세종특별자치시 세종,https://kr.indeed.com/viewjob?jk=2cea89628083fd37
a8bfafd582bc3340,QA 엔지니어 - 경력 1년 이상,빗썸코리아,서울 강남구,https://kr.indeed.com/viewjob?jk=a8bfafd582bc3340
62f2a35c5dd2436b,[외국계 스타트업 미소] Product Manager,유한회사 미소,서울 서초구,https://kr.indeed.com/viewjob?jk=62f2a35c5dd2436b
e4e7e2e0d73f981f,Data Scientist,Barbaricum,경기도 평택,https://kr.indeed.com/viewjob?jk=e4e7e2e0d73f981f
043516001b6ef966,교육 웹 서비스 기획/ 콘텐츠 서비스 기획,매직에코,서울 성동구,https://kr.indeed.com/viewjob?jk=043516001b6ef966
70301d47ff5a1ae3,AI R&D 데이터플랫폼 엔지니어 모집,엔씨소프트,성남 판교역,https://kr.indeed.com/viewjob?jk=70301d47ff5a1ae3
f910f50c1c9f82f2,DevSecOps Engineer,IBM,서울,https://kr.indeed.com/viewjob?jk=f910f50c1c9f82f2
f82d43304292790f,Security Engineer,Amazon Web Services Korea LLC,서울,https://kr.indeed.com/viewjob?jk=f82d43304292790f
e2f9799770e14024,에프앤가이드 - 각 부문 (전문연구요원 포함),에프앤가이드,대한민국,https://kr.indeed.com/viewjob?jk=e2f9799770e14024
957b9bde11462dce,"웹개발, JAVA 외 경력 정규직, 계약직",오에스씨코리아이카이카,서울 서초구,https://kr.indeed.com/viewjob?jk=957b9bde11462dce
7b2496c8a71f02f2,광고데이터플랫폼 개발자 모집,카카오,성남 판교역,https://kr.indeed.com/viewjob?jk=7b2496c8a71f02f2
65bfb9f2211498ec,[신규 프로젝트][TL] MMORPG 클라이언트 프로그래머 모집,엔씨소프트,성남 판교역,https://kr.indeed.com/viewjob?jk=65bfb9f2211498ec
d2ec77080face34b,딥러닝 영상처리 소프트웨어 개발자,지오비전,강원도 춘천,https://kr.indeed.com/viewjob?jk=d2ec77080face34b
e4ad1d80aada5a82,데이터분석가,RIDI Corp,서울,https://kr.indeed.com/viewjob?jk=e4ad1d80aada5a82
8ea9448c5082a46e,Data Scientist,IBM,서울,https://kr.indeed.com/viewjob?jk=8ea9448c5082a46e
bea34fbb2f401c90,Machine Learning Engineer (LINE TIMELINE),LINE Plus corporation,대한민국,https://kr.indeed.com/viewjob?jk=bea34fbb2f401c90
0c32e6464cad3b0a,[카카오 클라우드]DBaaS(DataBase As A Service) 개발자 모집,카카오,성남 판교역,https://kr.indeed.com/viewjob?jk=0c32e6464cad3b0a
2a7e11e1f1d0d822,[웹젠] 게임보안(경력),웹젠,성남 분당구,https://kr.indeed.com/viewjob?jk=2a7e11e1f1d0d822
7b9b9ab66bd0106d,대기업 AI NPU 개발자 (판교),인파트너스,서울,https://kr.indeed.com/viewjob?jk=7b9b9ab66bd0106d
180dac6dbe6afaed,NHN Cloud 머신러닝 연구 및 개발,NHN,성남 판교역,https://kr.indeed.com/viewjob?jk=180dac6dbe6afaed
155996bae21250a5,"[Robotics] Robotics Software Engineer, Sensor System",네이버,서울,https://kr.indeed.com/viewjob?jk=155996bae21250a5
b7134da42a33fd77,퀀텀에이아이 개발팀 정규직 (back-end),퀸텀에이아이,서울 금천구,https://kr.indeed.com/viewjob?jk=b7134da42a33fd77
8ad8f768cd99afcf,"Applications Engineer (P&R, physical design)",Synopsys,서울,https://kr.indeed.com/viewjob?jk=8ad8f768cd99afcf
07ecb1952499e164,Security Engineer,myrealtrip,서울,https://kr.indeed.com/viewjob?jk=07ecb1952499e164
8a48c202f69d2877,Front-end 웹/앱 개발자 (병역특례 가능),스마트디아그노시스,서울 마포구,https://kr.indeed.com/viewjob?jk=8a48c202f69d2877
8b007841cbe284dc,Software Engineer for Machine Learning Operations,Qualcomm Korea YH,서울,https://kr.indeed.com/viewjob?jk=8b007841cbe284dc
62ae0f41fb920693,Senior Business Analyst (Eats New Business Initiatives),Coupang,서울,https://kr.indeed.com/viewjob?jk=62ae0f41fb920693
f84cc3dd027fb13b,서비스보안 인턴,NHN,성남 판교역,https://kr.indeed.com/viewjob?jk=f84cc3dd027fb13b
1f99538f7260c29d,Marketing Data Warehouse engineer (경력),네오위즈,대한민국,https://kr.indeed.com/viewjob?jk=1f99538f7260c29d
39e827a8a7606cc6,Analog Verification Engineer,Dialog Semiconductor,대한민국,https://kr.indeed.com/viewjob?jk=39e827a8a7606cc6
8248de2f3c41ef06,Data Analyst,Barbaricum,경기도 평택,https://kr.indeed.com/viewjob?jk=8248de2f3c41ef06
a1a89406f38aabeb,Social Media Data Analyst,LINE Plus corporation,대한민국,https://kr.indeed.com/viewjob?jk=a1a89406f38aabeb
c2a00f5e6201cec9,System Memory Validation Engineer,Intel,서울,https://kr.indeed.com/viewjob?jk=c2a00f5e6201cec9
c25feb431668b850,Teacher,Grace International Academy (School for the...,서울 / 원격근무,https://kr.indeed.com/viewjob?jk=c25feb431668b850
c2a00f5e6201cec9,System Memory Validation Engineer,Intel,서울,https://kr.indeed.com/viewjob?jk=c2a00f5e6201cec9
d565506193b6fe2c,PDC Process Support Engineer (POC expert) III - (E3),Applied Materials Inc.,경기도 화성,https://kr.indeed.com/viewjob?jk=d565506193b6fe2c
8b5826f367d5c122,렌더링 엔진 개발자 모집,스노우,성남 백현동,https://kr.indeed.com/viewjob?jk=8b5826f367d5c122
ff061212e845c5a4,LINE Messaging Server 개발,LINE Plus corporation,대한민국,https://kr.indeed.com/viewjob?jk=ff061212e845c5a4
29b2220880f4d582,9월 경력사원 모집 (DX),LG에너지솔루션,서울 영등포구,https://kr.indeed.com/viewjob?jk=29b2220880f4d582
f159373d1221fccf,[NICE평가정보] 연구/조사 신입 및 경력 채용,NICE그룹,서울 여의도,https://kr.indeed.com/viewjob?jk=f159373d1221fccf
643ef4db65461d01,"[(주)데이터누리] Java 개발자 신입, 경력",데이터누리,서울 강서구,https://kr.indeed.com/viewjob?jk=643ef4db65461d01
2d03a8e00016009c,[NAVER Cloud] 네이버 클라우드 빅데이터플랫폼 상품 개발,네이버,서울,https://kr.indeed.com/viewjob?jk=2d03a8e00016009c
67bf801ba9c05f05,자동차 전장 Build Engineering SW 개발 전문가,LG전자,서울 강서구,https://kr.indeed.com/viewjob?jk=67bf801ba9c05f05
f71422159f76b869,"Solutions Architect - AMAZON Web Services, Korea",Amazon Web Services Korea LLC,서울,https://kr.indeed.com/viewjob?jk=f71422159f76b869
8401f379f2e285fb,[DB Inc.] 2021년 하반기 신입사원 모집,DB그룹,서울 대치동,https://kr.indeed.com/viewjob?jk=8401f379f2e285fb
a25c504ff473f758,스팸 및 어뷰징 분석/대응 시스템 개발자 모집,카카오,성남 판교역,https://kr.indeed.com/viewjob?jk=a25c504ff473f758
31edd9dddd20799e,빅데이터 처리 시스템 개발 분야 모집,11번가,서울 남대문로5가,https://kr.indeed.com/viewjob?jk=31edd9dddd20799e
0c36491d059563bd,대기업 시큐리티 카메라 SoC 개발자 (판교),인파트너스,서울,https://kr.indeed.com/viewjob?jk=0c36491d059563bd
56523d2ce6f8d860,NHN Cloud 인프라 서비스 개발,NHN,성남 판교역,https://kr.indeed.com/viewjob?jk=56523d2ce6f8d860
d4e548b13281d218,그로스 엔지니어 신입&경력 (정규직),오피노마케팅,서울 성동구,https://kr.indeed.com/viewjob?jk=d4e548b13281d218
75d0922f90d46f86,"[해외취업] 글로벌 무역서비스업체 웹개발자 - 현대, COSCO, 에버그린 파트너사",아이씨엔그룹,서울 역삼동,https://kr.indeed.com/viewjob?jk=75d0922f90d46f86
e36b281df2933890,[위메프서비스] E-Commerce 데이터엔지니어/NLP개발자(정규직),위메프,대한민국,https://kr.indeed.com/viewjob?jk=e36b281df2933890
6c70ee2fc3122925,[NAVER Cloud] MySQL 데이터베이스 엔지니어 (DBA),네이버,서울,https://kr.indeed.com/viewjob?jk=6c70ee2fc3122925
3c2cf8caef3a7c90,"Sales Operations Analyst, Laboratory Chemicals",Thermo Fisher Scientific,서울,https://kr.indeed.com/viewjob?jk=3c2cf8caef3a7c90
4728e64b1f6e6747,[공채] 2021년 SFA 수시 R&D 및 기구설계 제어설계 S/W개발 (10월11일 마감),에스에프에이,충청남도 아산,https://kr.indeed.com/viewjob?jk=4728e64b1f6e6747
c0aeb75556f762ff,Senior Innovation Manager,Swiss Re,서울,https://kr.indeed.com/viewjob?jk=c0aeb75556f762ff
f8ee4cfdf4dd6934,성장하는 핀테크 스타트업 BackEnd Developer 경력직,웨이브릿지,서울 강남구,https://kr.indeed.com/viewjob?jk=f8ee4cfdf4dd6934
81c7b26ec3e7a9ac,Solutions Architect II,Amazon Web Services Korea LLC,서울,https://kr.indeed.com/viewjob?jk=81c7b26ec3e7a9ac
bec33b19427238a4,(주)작당모의 앱 개발자,작당모의,서울 서초구,https://kr.indeed.com/viewjob?jk=bec33b19427238a4
2e34b878b20ceb26,[인공지능기업] 풀스택 개발자 (경력),머니브레인,서울,https://kr.indeed.com/viewjob?jk=2e34b878b20ceb26
961c81cd9d130caf,AI혁신센터 경력직 수시채용 상시 지원(영입 시 종료),교원그룹,서울 을지로2가,https://kr.indeed.com/viewjob?jk=961c81cd9d130caf
c7d1f3dd31a40546,[도쿄 근무] 어플리케이션 엔지니어,글로벌트러스트네트웍스코리아,부천 중동,https://kr.indeed.com/viewjob?jk=c7d1f3dd31a40546
1d98c46b4900b7e6,Pipeline TD,Mofac,서울 서초구,https://kr.indeed.com/viewjob?jk=1d98c46b4900b7e6
9214061c8bc345b2,FX,Mofac,서울 서초구,https://kr.indeed.com/viewjob?jk=9214061c8bc345b2
edf8d34357ba0747,Web Full-Stack Engineer,NVIDIA,서울,https://kr.indeed.com/viewjob?jk=edf8d34357ba0747
8da5c72baf146123,Site Engineer (Seoul),Motion2AI,서울,https://kr.indeed.com/viewjob?jk=8da5c72baf146123
98a0ea3726575729,글로벌주식운용팀 경력사원 안내 (~6/4),삼성자산운용,대한민국,https://kr.indeed.com/viewjob?jk=98a0ea3726575729
130a45c6509d921f,"(주)딥인스펙션 인공지능 기반 S/W개발자 (연구원,팀장)",딥인스펙션,서울 송파구,https://kr.indeed.com/viewjob?jk=130a45c6509d921f
750c98eeab414ede,Senior DBA – BI (Korea),FPT Software,대한민국,https://kr.indeed.com/viewjob?jk=750c98eeab414ede
b7088eef97d23956,Android Framework Engineer,리얼텍세미콘덕터코페레이션코리아오피스,서울 강남구,https://kr.indeed.com/viewjob?jk=b7088eef97d23956
7dbaa95d22eacd29,"웹개발, 백엔드 외 경력 정규직",아이티엔제이,울산 남구,https://kr.indeed.com/viewjob?jk=7dbaa95d22eacd29
cb3d3bf58ea0bf85,Linux/임베디드 기반 보안 솔루션 개발자,노르마,서울 성동구,https://kr.indeed.com/viewjob?jk=cb3d3bf58ea0bf85
bfa15ae6228f1449,AI/DX 대기업계열사,,서울특별시,https://kr.indeed.com/viewjob?jk=bfa15ae6228f1449
466547f7a5577282,자유롭게 소통하며 함께 일할 IT/SW 개발팀 정규직,헤븐트리,경상북도 경산,https://kr.indeed.com/viewjob?jk=466547f7a5577282
1973de0152f80756,CDN / Cloud 서비스 매니저 사원,씨디네트웍스,서울 강남구,https://kr.indeed.com/viewjob?jk=1973de0152f80756
2724d3bb02bfc58f,Sr. Security Consultant,Amazon Web Services Korea LLC,서울,https://kr.indeed.com/viewjob?jk=2724d3bb02bfc58f
e3f3b7e2103d9bc7,"웹개발, 백엔드 외 신입/경력 정규직",코인챗,서울 강남구,https://kr.indeed.com/viewjob?jk=e3f3b7e2103d9bc7
4c7f794b27b4768b,9월 Backend 개발 경력공채,11번가,서울 남대문로5가,https://kr.indeed.com/viewjob?jk=4c7f794b27b4768b
04751aa927de1b32,금융IT(UI/UX개발) 인재,에셋플러스자산운용,대한민국,https://kr.indeed.com/viewjob?jk=04751aa927de1b32
d6f30962332942d8,2021년 하반기 수시채용,한화테크윈,성남 삼평동,https://kr.indeed.com/viewjob?jk=d6f30962332942d8
214a6d00cee6b791,"백엔드개발, IoT 시스템 데이터 플랫폼 개발자 채용",(주)엠마헬스케어 관심기업,성남 야탑동,https://kr.indeed.com/viewjob?jk=214a6d00cee6b791
70156c30ef8af424,국제전화 영업전산 Secure Coding 개발 분야 모집,SK텔링크,서울 공덕동,https://kr.indeed.com/viewjob?jk=70156c30ef8af424
97149a18aa559dfc,주식운용본부,디지비자산운용,서울 여의도역,https://kr.indeed.com/viewjob?jk=97149a18aa559dfc
e60b9a2bf053e4f1,웹개발 경력 정규직,KES,서울 송파구,https://kr.indeed.com/viewjob?jk=e60b9a2bf053e4f1
88a9929446db3d86,[AI R&D] 플랫폼 개발 엔지니어 모집,엔씨소프트,성남 판교역,https://kr.indeed.com/viewjob?jk=88a9929446db3d86
900b051b81b434bc,[TmaxTibero/기술] DBMS 제품 QA 신입 및 경력,티맥스그룹,성남 분당구,https://kr.indeed.com/viewjob?jk=900b051b81b434bc
f6880357422fc8ad,Graduate Energy Storage Engineer,Mott MacDonald,대한민국,https://kr.indeed.com/viewjob?jk=f6880357422fc8ad
1f03f52d5cbc273d,"[정규직] 데이터 사이언스 (생명정보학, 화학정보학, 기계학습)",주식회사카이팜 관심기업,서울 신촌동,https://kr.indeed.com/viewjob?jk=1f03f52d5cbc273d
7c3d7900305f9117,[해외취업] 경영컨설팅 전문그룹 - MES Support,아이씨엔그룹,서울 역삼동,https://kr.indeed.com/viewjob?jk=7c3d7900305f9117
3292e81e43884c67,Web 개발(이커머스 파트)_PHP/CodeIgniter/Javascript,버드뷰,서울 마포구,https://kr.indeed.com/viewjob?jk=3292e81e43884c67
a10596f04f50cff4,(주)아이옵스 항공우주분야,아이옵스,대전 유성구,https://kr.indeed.com/viewjob?jk=a10596f04f50cff4
d7b1019fe6f88309,Backend Developer,KidsLoop,서울,https://kr.indeed.com/viewjob?jk=d7b1019fe6f88309
28d268343c75d465,[TmaxCloud/기술] QA 담당자,티맥스소프트,성남 분당구,https://kr.indeed.com/viewjob?jk=28d268343c75d465
39306cd9e61c6908,DISW - Presales Solutions Consultant 1D,Siemens Industry Software Ltd.,서울,https://kr.indeed.com/viewjob?jk=39306cd9e61c6908
da9526955fe116b2,Developer - Cloud Infrastructure,SAP,서울,https://kr.indeed.com/viewjob?jk=da9526955fe116b2
8c7097de188ea8b4,Associate Solutions Architect,Amazon Web Services Korea LLC,서울,https://kr.indeed.com/viewjob?jk=8c7097de188ea8b4
65da831cb9d5a6b5,DGIST 계약직 연구원 및 일반직원 초빙 공고,대구경북과학기술원,대구 현풍면,https://kr.indeed.com/viewjob?jk=65da831cb9d5a6b5
82a8569659c60c33,Tanzu Senior Solution Engineer,브이엠웨어코리아,서울 강남구,https://kr.indeed.com/viewjob?jk=82a8569659c60c33
8e403ecb8f2aaedc,R&D Data Analyst,Umicore,충청남도 천안,https://kr.indeed.com/viewjob?jk=8e403ecb8f2aaedc
e363815b777e12fb,[EY컨설팅] 금융컨설팅본부 리스크관리 경력 컨설턴트 모집,EY,서울 영등포구,https://kr.indeed.com/viewjob?jk=e363815b777e12fb
bfaeba8c0f81b11c,Threat Hunter Team Lead,Ensign InfoSecurity,대한민국,https://kr.indeed.com/viewjob?jk=bfaeba8c0f81b11c
03231b8a316c3238,Software Architect - HSV,Cadence Design Systems,경기도,https://kr.indeed.com/viewjob?jk=03231b8a316c3238
4ab5c7ffae86507a,[위메프] 개인화 서비스 Data Engineer(정규직),위메프,대한민국,https://kr.indeed.com/viewjob?jk=4ab5c7ffae86507a
03f0845ceed4ab40,[웹젠] TA(Unreal Engine 4)(경력),웹젠,성남 분당구,https://kr.indeed.com/viewjob?jk=03f0845ceed4ab40
f43c7890445907ce,모바일 게임 로그 설계 및 분석가 모집,엔씨소프트,성남 판교역,https://kr.indeed.com/viewjob?jk=f43c7890445907ce
9cb8324539546a71,Data Scientist,Toss,서울,https://kr.indeed.com/viewjob?jk=9cb8324539546a71
3f1913d8d9f83427,Sr. Supply Chain Management(Inventory Planning Control),Coupang,서울,https://kr.indeed.com/viewjob?jk=3f1913d8d9f83427
1270725a9a288b9d,[NAVER Cloud] Security Engineer_모의해킹,네이버,서울,https://kr.indeed.com/viewjob?jk=1270725a9a288b9d
3f02d7c3bfa3b225,"Software Engineer, Embedded Systems, Android OS",Google,서울,https://kr.indeed.com/viewjob?jk=3f02d7c3bfa3b225
ff3209d5d5b14bd9,Cognitive and AI Engineer,IBM,서울,https://kr.indeed.com/viewjob?jk=ff3209d5d5b14bd9
3ddb5b113338620f,부정사용자 탐지 AI 기술 연구원 모집,엔씨소프트,성남 판교역,https://kr.indeed.com/viewjob?jk=3ddb5b113338620f
85eef93b8132ae60,Sales Finance Analyst,Red Hat Software,서울,https://kr.indeed.com/viewjob?jk=85eef93b8132ae60
41ccdb656d6dc64c,"[마케팅코리아]웹개발자 php,python,mysql 등 경력자 - 마케팅코리아",마케팅코리아,부산 해운대구,https://kr.indeed.com/viewjob?jk=41ccdb656d6dc64c
3ac1432a9c74c653,Field Application Engineer,Nearfield Instruments,경기도 용인,https://kr.indeed.com/viewjob?jk=3ac1432a9c74c653
c76745ce94bfa519,SK 텔링크 국제전화 영업전산 Secure Coding 개발 분야,SK 텔링크,서울특별시,https://kr.indeed.com/viewjob?jk=c76745ce94bfa519
fecc1f2f8e371810,VP R&D,Mofac,서울 서초구,https://kr.indeed.com/viewjob?jk=fecc1f2f8e371810
cfff5753df4cc553,Data Center Operations Engineer,Amzn Corporate Services Korea,서울,https://kr.indeed.com/viewjob?jk=cfff5753df4cc553
4a3d9334130034fd,글로벌 소셜 카지노 사업 PM (경력),네오위즈,대한민국,https://kr.indeed.com/viewjob?jk=4a3d9334130034fd
56f6ce214034a2ed,[Coupang Pay] Senior Credit Business Specialist (CB&RM) - Se...,Coupang,서울,https://kr.indeed.com/viewjob?jk=56f6ce214034a2ed
a694cee57532e2d5,AI/퀀트 전략 개발 및 운용 경력사원 안내 (~7/9),삼성자산운용,대한민국,https://kr.indeed.com/viewjob?jk=a694cee57532e2d5
5827e320d9e8fe58,모빌리티시스템 매니저,쏘카,제주도 제주,https://kr.indeed.com/viewjob?jk=5827e320d9e8fe58
8d3779495965701b,[경력직] 미들웨어/PasS 엔지니어 채용,에이치알 코리아,서울,https://kr.indeed.com/viewjob?jk=8d3779495965701b
7f6fe5ea07ae955b,(주)풀무원 AI Engineer 모집,풀무원,서울특별시,https://kr.indeed.com/viewjob?jk=7f6fe5ea07ae955b
1530f9619218829a,[신규 프로젝트] 기술 R&D 엔진 프로그래머 모집,엔씨소프트,성남 판교역,https://kr.indeed.com/viewjob?jk=1530f9619218829a
59bfeb68f785d534,Product Development Engineer,KLA-Tencor,경기도 화성,https://kr.indeed.com/viewjob?jk=59bfeb68f785d534
cae836d5eba4bac3,백엔드 파이썬 개발/운영,KB데이타시스템,서울 도화동,https://kr.indeed.com/viewjob?jk=cae836d5eba4bac3
8d750acc62c35d7f,AI플랫폼 백엔드 개발자 모집,넷마블,서울 구로구,https://kr.indeed.com/viewjob?jk=8d750acc62c35d7f
ea9918b20aa10f90,Applications Engineer (CATS/SmartMRC),Synopsys,대한민국,https://kr.indeed.com/viewjob?jk=ea9918b20aa10f90
0b320306d06b0f92,"IT기술지원, Perl 외 신입 정규직",피디에프솔루션세미컨덕터테크놀로지코리아,성남 분당구,https://kr.indeed.com/viewjob?jk=0b320306d06b0f92
35ba221c73ad31a2,Data Engineer,Barbaricum,경기도 평택,https://kr.indeed.com/viewjob?jk=35ba221c73ad31a2
09af3f1292a9cf45,Systems Engineer (Cloud) - Korea,Fortinet,서울,https://kr.indeed.com/viewjob?jk=09af3f1292a9cf45
bf7b7f127a9db0a5,[유연근무제] 유전체 빅데이터 사이언티스트 신입/경력 정규직,에이치앤비지노믹스,울산 울주군,https://kr.indeed.com/viewjob?jk=bf7b7f127a9db0a5
1bacd3fe0e40fbdb,모바일 게임플랫폼 백엔드 개발자,데브시스터즈,서울 신사동,https://kr.indeed.com/viewjob?jk=1bacd3fe0e40fbdb
7fccab444e235947,Application Engineer - HAV,Siemens,경기도 성남,https://kr.indeed.com/viewjob?jk=7fccab444e235947
0bbeb8ae4465ebe4,백엔드 신입 정규직,YGBS,서울 강남구,https://kr.indeed.com/viewjob?jk=0bbeb8ae4465ebe4
510ef436177b9ed9,[유연근무] 유전체 빅데이터 사이언티스트 및 의료영상 빅데이터 엔지니어,에이치앤비지노믹스 관심기업,대한민국,https://kr.indeed.com/viewjob?jk=510ef436177b9ed9
12184c9f924106e6,"백엔드 개발자 (Software Engineer, Backend)",엘리스,서울 강남구,https://kr.indeed.com/viewjob?jk=12184c9f924106e6
8e14895fed5e9633,Senior Support Engineer - Weekend Warrior,Dataiku,서울,https://kr.indeed.com/viewjob?jk=8e14895fed5e9633
2b4aadd8a66db150,[디지털컨텐츠사] DBA,커리어라임즈,성남 분당구,https://kr.indeed.com/viewjob?jk=2b4aadd8a66db150
eb882e080113cef0,ADAS Vision System SW개발 경력인재 [자동차부품 우량대기업],에스에프인촌,서울,https://kr.indeed.com/viewjob?jk=eb882e080113cef0
5f25c484aa306813,Home based Software Engineering Lead - Open Source,Canonical - Jobs,서울,https://kr.indeed.com/viewjob?jk=5f25c484aa306813
482ce9b4a3f57f11,Quant 트레이딩 부문,벨에포크자산운용,서울 신사동,https://kr.indeed.com/viewjob?jk=482ce9b4a3f57f11
cff37313648bd80a,Data Analyst,LINE Plus corporation,대한민국,https://kr.indeed.com/viewjob?jk=cff37313648bd80a
890db7fa33f1e4a1,부정행위 탐지를 위한 분석 전문가 모집,엔씨소프트,성남 판교역,https://kr.indeed.com/viewjob?jk=890db7fa33f1e4a1
b602108c31558329,리서치분야 석사이상 경력직,케이지제로인,대한민국,https://kr.indeed.com/viewjob?jk=b602108c31558329
74cf47be676133ff,DGIST 미래자동차융합연구센터 계약직 연구원 및 연수연구원 공개 초빙 공고,대구경북과학기술원,대구 현풍면,https://kr.indeed.com/viewjob?jk=74cf47be676133ff
5b015b9613812d9d,Customer Data Analyst,Motion2AI,서울,https://kr.indeed.com/viewjob?jk=5b015b9613812d9d
acb628b98cafb77d,Solution Developer (솔루션 개발자) 영입,베스핀글로벌,성남 분당구,https://kr.indeed.com/viewjob?jk=acb628b98cafb77d
40462398c7170442,[기업부설연구소]AI기반 비전시스템 개발 정규직 전문연구원 모집,한국정보공작소 관심기업,대한민국,https://kr.indeed.com/viewjob?jk=40462398c7170442
785c1ff464f60582,Senior Business Analyst (Fresh FC FP&A),Coupang,서울,https://kr.indeed.com/viewjob?jk=785c1ff464f60582
b34bcfbc9714cfb1,Technical Game Design 모집,엔씨소프트,성남 판교역,https://kr.indeed.com/viewjob?jk=b34bcfbc9714cfb1
e5a6aac3928dc9b1,4차 채용 모집 공고 [SW 개발],만도헬라일렉트로닉스,인천 송도동,https://kr.indeed.com/viewjob?jk=e5a6aac3928dc9b1
9c15d2c0cd7b70d8,프론트엔드개발 인공지능바이오제약코스닥기업,,서울특별시,https://kr.indeed.com/viewjob?jk=9c15d2c0cd7b70d8
e45a312040ca1ef0,[PBN] Back-End 프로그래머 모집,엔씨소프트,성남 판교역,https://kr.indeed.com/viewjob?jk=e45a312040ca1ef0
a585ed39e0e34468,"Staff, Data Analyst (Customer Experience Product Analytics)",Coupang,서울,https://kr.indeed.com/viewjob?jk=a585ed39e0e34468
2e7a2f114c6e0b11,"[(주)뉴런]웹개발, 백엔드 외 경력 정규직",뉴런,서울 마포구,https://kr.indeed.com/viewjob?jk=2e7a2f114c6e0b11
43d78da7c0b23848,Machine Learning Platform Backend Engineer,LINE Plus corporation,대한민국,https://kr.indeed.com/viewjob?jk=43d78da7c0b23848
d74f2a9064a25a6a,"빅데이터연구소 경력 직원 모집(DBA, GIS분석, 부동산DB연구)",부동산114,성남 삼평동,https://kr.indeed.com/viewjob?jk=d74f2a9064a25a6a
340fa2d2204cf879,"Cloud AI Engineer, Professional Services",Google,서울,https://kr.indeed.com/viewjob?jk=340fa2d2204cf879
d9be9adc3a397b31,DevOps 개발자 영입,베스핀글로벌,성남 분당구,https://kr.indeed.com/viewjob?jk=d9be9adc3a397b31
c7d674c1d5466ed2,지스트 블록체인인터넷경제연구센터 계약직(연구원),광주과학기술원,광주 북구,https://kr.indeed.com/viewjob?jk=c7d674c1d5466ed2
d356d67981387ebb,[Global] Data Scientist in AI research,Lunit,서울,https://kr.indeed.com/viewjob?jk=d356d67981387ebb
97a2cf97ed2d2ed1,Sr. Applications Scientist,Onto Innovation,대한민국,https://kr.indeed.com/viewjob?jk=97a2cf97ed2d2ed1
42917ad33839063e,"[1BIM GROUP]BIM연동 응용소프트웨어 개발자 (C#, C++, api)",1BIM GROUP,서울 연남동,https://kr.indeed.com/viewjob?jk=42917ad33839063e
e18e709e63c081ed,"전액 국비지원 IT취업연계 교육 JAVA웹&앱, 빅데이터, 인공지능",중앙정보처리학원,서울 마포구,https://kr.indeed.com/viewjob?jk=e18e709e63c081ed
900add6c4d5cceb6,Content 기반 Framework 개발 엔진 프로그래머 모집,엔씨소프트,성남 판교역,https://kr.indeed.com/viewjob?jk=900add6c4d5cceb6
54ce47c4db974112,DGIST HumanLAB(인간중심지능형시스템연구실) 연수연구원 채용 공고,대구경북과학기술원,대구 현풍면,https://kr.indeed.com/viewjob?jk=54ce47c4db974112
f014d6c9744121e1,Security Engineer - Ubuntu,Canonical - Jobs,서울,https://kr.indeed.com/viewjob?jk=f014d6c9744121e1
36ae5f764253d121,AI 연구 MLOps,코그넷나인,서울 서초구,https://kr.indeed.com/viewjob?jk=36ae5f764253d121
a35adb2c0bf05312,2021-7회 인지 및 사회성 연구단 연구원 및 연구기술직,기초과학연구원,대전,https://kr.indeed.com/viewjob?jk=a35adb2c0bf05312
20b5a95b14ab7935,Application Developer,Amazon Web Services Korea LLC,서울,https://kr.indeed.com/viewjob?jk=20b5a95b14ab7935
8eca56448e2574c8,TA,제이씨이,성남 분당구,https://kr.indeed.com/viewjob?jk=8eca56448e2574c8
447e5726f229a2b7,"Cloud Technical Solutions Engineer, Networking, Google Cloud",Google,서울,https://kr.indeed.com/viewjob?jk=447e5726f229a2b7
cad961128b677e3a,"Sales Engineer (Pre-Sales), Korea",Recorded Future,서울,https://kr.indeed.com/viewjob?jk=cad961128b677e3a
8f63a89550782d70,Solutions Architect for GPU Data center technologies,NVIDIA,서울,https://kr.indeed.com/viewjob?jk=8f63a89550782d70
68d62221f2d26c0e,(주)웨이브웨어 2021 년도 신입사원 (프로그래머),웨이브웨어,대전 유성구,https://kr.indeed.com/viewjob?jk=68d62221f2d26c0e
d5f94b987d7e125d,[KSTEC] 2020년 신입 및 경력 채용 (SW개발자),지식시스템(주) 관심기업 IBK추천,성남 삼평동,https://kr.indeed.com/viewjob?jk=d5f94b987d7e125d
c73d603881ba3d48,"Software Engineer, Platforms & Ecosystems, Android Auto",Google,서울,https://kr.indeed.com/viewjob?jk=c73d603881ba3d48
92e2869c2f945f7b,Analytics & Optimization Manager,Jellyfish Group Ltd,서울,https://kr.indeed.com/viewjob?jk=92e2869c2f945f7b
6288753f5c7cd53b,BigData 엔지니어 영입,카카오페이증권,성남 백현동,https://kr.indeed.com/viewjob?jk=6288753f5c7cd53b
0cd67da9fe5b3529,(주)아크 응용프로그램개발(IOS앱개발&Windows외 1개 부문),아크,전주 완산구,https://kr.indeed.com/viewjob?jk=0cd67da9fe5b3529
a6d0f0030a9ad230,링크샵스 플랫폼 개발 및 유지보수 담당,링크샵스,서울 중구,https://kr.indeed.com/viewjob?jk=a6d0f0030a9ad230
c25feb431668b850,Teacher,Grace International Academy (School for the...,서울 / 원격근무,https://kr.indeed.com/viewjob?jk=c25feb431668b850
fcdf85eb1fe5f3e0,Customer Success Engineer,h2o.ai,대한민국,https://kr.indeed.com/viewjob?jk=fcdf85eb1fe5f3e0
d330e919051497ab,Data Scientist,Nova Measuring Instruments,경기도 화성,https://kr.indeed.com/viewjob?jk=d330e919051497ab
2b33400b94b52275,[NAVER Cloud] Network Engineering,네이버,서울,https://kr.indeed.com/viewjob?jk=2b33400b94b52275
0f758d7d63fca042,AI/빅데이터 (리더급) 국내 대기업,,경기도 파주,https://kr.indeed.com/viewjob?jk=0f758d7d63fca042
b6b79b408cfb1092,Technical Account Manager,Qualcomm CDMA Technologies (Korea) YH,경기도 수원,https://kr.indeed.com/viewjob?jk=b6b79b408cfb1092
bc8336e7f5fe2c04,국내 패션 테크기업 개발팀 팀장급,그레이프 파트너즈,서울 강남구,https://kr.indeed.com/viewjob?jk=bc8336e7f5fe2c04
bb7b914f3d96b5c3,크라우드웍스 개발 & 데이터 PM직군 경력직,크라우드웍스,서울 강남구,https://kr.indeed.com/viewjob?jk=bb7b914f3d96b5c3
a474102a194a95ad,[Audit] Audit Innovation Specialist 채용,삼정 KPMG,서울 강남구,https://kr.indeed.com/viewjob?jk=a474102a194a95ad
22368b80a6773ddf,(주)풀무원 AI Service Operator 모집,풀무원,서울특별시,https://kr.indeed.com/viewjob?jk=22368b80a6773ddf
5413160d9d953712,[토핑]백엔드 개발자,토핑,서울 가산동,https://kr.indeed.com/viewjob?jk=5413160d9d953712
cff602f838e77ed4,Technical Solutions Engineer,Media.Monks,서울,https://kr.indeed.com/viewjob?jk=cff602f838e77ed4
b6e99f47c4e0b2f1,MLOps Engineer - Data Engineering,"Seoul Robotics Co., Ltd",서울,https://kr.indeed.com/viewjob?jk=b6e99f47c4e0b2f1
27b3a44e07478350,[CPLB] Senior Business Analyst (Compliance Trust & Safety),Coupang,서울,https://kr.indeed.com/viewjob?jk=27b3a44e07478350
ee7e4f2e5d69f84c,DRE - Build Engineer,Success Korea,서울,https://kr.indeed.com/viewjob?jk=ee7e4f2e5d69f84c
98c2229e57d4ee1f,전기전자컴퓨터공학부(바이오컴퓨팅연구실) 위촉연구원,광주과학기술원,광주 북구,https://kr.indeed.com/viewjob?jk=98c2229e57d4ee1f
0ac64c7119cbfcfb,코스닥 상장기업 OCEAN 개발,다원커리어,서울 강남구,https://kr.indeed.com/viewjob?jk=0ac64c7119cbfcfb
4e350a007111d659,Technical Consultant,Appier,서울,https://kr.indeed.com/viewjob?jk=4e350a007111d659
8becbf73bbda7c96,2019 Military Service Exemption Position Available at the IB...,울산과학기술원,울산 언양읍,https://kr.indeed.com/viewjob?jk=8becbf73bbda7c96
b79263ae7f3495a9,Data Engineer - Korea,MOLOCO,서울 강남구,https://kr.indeed.com/viewjob?jk=b79263ae7f3495a9
8ae7c240ef7d5f0b,카카오 분석 플랫폼 경력 개발자 모집,카카오,성남 판교역,https://kr.indeed.com/viewjob?jk=8ae7c240ef7d5f0b
50b99c19c7fa0d41,C++ Developer for High-Performance Cloud Database,SAP,서울,https://kr.indeed.com/viewjob?jk=50b99c19c7fa0d41
ee64658606f1cb21,Korea ODP Cloud Engineer Customer Experience,Oracle,서울,https://kr.indeed.com/viewjob?jk=ee64658606f1cb21
6531d039395a3ffe,"토탈제어시스템, 임베디드(Embedded) 외 신입/경력 인턴",엔아이스퀘어,광주 광산구,https://kr.indeed.com/viewjob?jk=6531d039395a3ffe
ac64fda2e281b835,"Software Engineer, People with Disabilities (장애인 채용)",Google,서울,https://kr.indeed.com/viewjob?jk=ac64fda2e281b835
27c37a375c0ef5dc,RPA 개발 ( 신입/경력 정규직 ),하이퍼정보,서울 강남구,https://kr.indeed.com/viewjob?jk=27c37a375c0ef5dc
0f633bc8cc2001e3,ICT 서비스본부 ICT빅데이터팀 경력직 채용,웰컴저축은행,서울 구로동,https://kr.indeed.com/viewjob?jk=0f633bc8cc2001e3
72e31579d8138a9b,인터넷서비스 DBA 수시 채용공고,다우기술,용인 죽전동,https://kr.indeed.com/viewjob?jk=72e31579d8138a9b
b3b7bf6f062624b3,이씨오 WEB프로그램 개발자 신입 직원,이씨오,서울 성동구,https://kr.indeed.com/viewjob?jk=b3b7bf6f062624b3
27352452ed0a0ea9,Senior Back-end Developer,Asiance,서울,https://kr.indeed.com/viewjob?jk=27352452ed0a0ea9
71675db885a52e67,검색&추천 소프트웨어 엔지니어,myrealtrip,서울,https://kr.indeed.com/viewjob?jk=71675db885a52e67
0f284536b918df4f,CloudNative Engineer,아프리카TV,경기도 성남,https://kr.indeed.com/viewjob?jk=0f284536b918df4f
772b5813477436ec,Software Engineering Director,Canonical - Jobs,서울,https://kr.indeed.com/viewjob?jk=772b5813477436ec
89cc1e6db089357c,흥국자산운용 위험관리실 리스크관리 경력직,흥국자산운용,대한민국,https://kr.indeed.com/viewjob?jk=89cc1e6db089357c
3adb1c6b9b6f5ba1,Diploma Student / Intern - HANA Cloud Development and Operat...,SAP,서울특별시,https://kr.indeed.com/viewjob?jk=3adb1c6b9b6f5ba1
39e687046bf80d5c,퀀텀에이아이 개발팀 풀스택 개발자 정규직,퀸텀에이아이,서울 금천구,https://kr.indeed.com/viewjob?jk=39e687046bf80d5c
1142010dbbc524bc,Back-end Engineer,Kasa,서울,https://kr.indeed.com/viewjob?jk=1142010dbbc524bc
2f3bb3bb208d8967,Senior Sales Engineer,Splunk,서울,https://kr.indeed.com/viewjob?jk=2f3bb3bb208d8967
55dc17f53402863f,디지털사업본부 백엔드 엔지니어 채용,교보증권,서울 여의도,https://kr.indeed.com/viewjob?jk=55dc17f53402863f
e87d7c452e8a9023,"Academy Engineer, SEMI/ELEC",National Instruments,대한민국,https://kr.indeed.com/viewjob?jk=e87d7c452e8a9023
ed3fca8fd84bb2c6,Server Engineer,뱅크샐러드,서울 영등포구,https://kr.indeed.com/viewjob?jk=ed3fca8fd84bb2c6
989df83241da577a,[Coupang Pay] Senior Fintech Business Management Specialist...,Coupang,서울,https://kr.indeed.com/viewjob?jk=989df83241da577a
311a836076bd7048,Web 개발 직원 모집,아이디알인비전,서울 양평동5가,https://kr.indeed.com/viewjob?jk=311a836076bd7048
41096fb3c2ba02dc,ETF전략운용팀/상품관리팀/ESG경영기획팀,우리자산운용,대한민국,https://kr.indeed.com/viewjob?jk=41096fb3c2ba02dc
384938caaf89c494,국내 대기업 계열사 - 마케팅 데이터분석 및 CRM 담당자,라피플코리아리미티드,서울,https://kr.indeed.com/viewjob?jk=384938caaf89c494
4721ceaf47437a8b,BI팀 채용,GC녹십자지놈,용인 기흥구,https://kr.indeed.com/viewjob?jk=4721ceaf47437a8b
b872ce19d0d0b322,"[대구] 뷰티테크 기업 웹,앱 개발자",시니어앤파트너즈,대구 동구,https://kr.indeed.com/viewjob?jk=b872ce19d0d0b322
97e7cdac4a9c1b58,"iOS, Android 외 신입/경력 정규직",스마트디아그노시스,서울 마포구,https://kr.indeed.com/viewjob?jk=97e7cdac4a9c1b58
b06176c3a7092e0a,Customer Facing Data Scientist,Ever Better Recruitment (EBR),서울,https://kr.indeed.com/viewjob?jk=b06176c3a7092e0a
011806f0e8a599fb,DevOps Engineer,Soomgo,서울 강남구,https://kr.indeed.com/viewjob?jk=011806f0e8a599fb
3d6c266ae2b4771e,[카카오맵] 검색/추천 개발자 모집,카카오,성남 판교역,https://kr.indeed.com/viewjob?jk=3d6c266ae2b4771e
c25feb431668b850,Teacher,Grace International Academy (School for the...,서울 / 원격근무,https://kr.indeed.com/viewjob?jk=c25feb431668b850
c73901a8ae25e4e2,웹/게임 서버 개발자,더블다운인터액티브,서울 강남구,https://kr.indeed.com/viewjob?jk=c73901a8ae25e4e2
b1941b5141732873,Server Engineering Manager,뱅크샐러드,서울 영등포구,https://kr.indeed.com/viewjob?jk=b1941b5141732873
faf40c2fe865ee5a,데이터분석 전문인력 채용,한화토탈,서산 대산읍,https://kr.indeed.com/viewjob?jk=faf40c2fe865ee5a
2f218efc7f8e3e59,[대기업] 데이터 엔지니어 (BI 개발) 과차장급,에이치알니즈,서울,https://kr.indeed.com/viewjob?jk=2f218efc7f8e3e59
642f5ec9db0c61b7,Sr. Software Engineer - ACR/DAI,Roku,서울,https://kr.indeed.com/viewjob?jk=642f5ec9db0c61b7
4de3a7c03e5b3e0f,[신규 프로젝트] [TL] MMORPG 테크니컬 아티스트 모집,엔씨소프트,성남 판교역,https://kr.indeed.com/viewjob?jk=4de3a7c03e5b3e0f
7242281325de7ab5,Senior AI-SDS Brightics (Korea),FPT Software,대한민국,https://kr.indeed.com/viewjob?jk=7242281325de7ab5
a1500649994b486a,JAVA개발자 (신입/경력),이원정보기술,서울 강서구,https://kr.indeed.com/viewjob?jk=a1500649994b486a
266d45b5b7b5edd7,Business Analyst (PBS Process Automation),Coupang,서울,https://kr.indeed.com/viewjob?jk=266d45b5b7b5edd7
dd050e19015512a5,[한솔PNS] IT부문 대졸 신입사원 모집,한솔그룹,서울 을지로2가,https://kr.indeed.com/viewjob?jk=dd050e19015512a5
8f972027b6bfa9e5,MySQL Engineer 모집,카카오,성남 판교역,https://kr.indeed.com/viewjob?jk=8f972027b6bfa9e5
0012bdf291942c52,(주)아이옵스 SAR 위성영상활용 신입/경력,아이옵스,대전 유성구,https://kr.indeed.com/viewjob?jk=0012bdf291942c52
aa543771fc36823f,"주식운용, 마케팅",디지비자산운용,서울 여의도역,https://kr.indeed.com/viewjob?jk=aa543771fc36823f
8cfba12674f9f025,Lead Medical AI SW Developer,AITRICS,서울,https://kr.indeed.com/viewjob?jk=8cfba12674f9f025
4f7a49e516e6e28e,부문별 경력/신입 인재영입,코아인텍,서울 영등포구,https://kr.indeed.com/viewjob?jk=4f7a49e516e6e28e
c964e3912f7e9be4,"Senior Consultant, Security , Seoul",VMware PSO,서울,https://kr.indeed.com/viewjob?jk=c964e3912f7e9be4
b944339558ca31e8,"Staff, Data Analyst (eCommerce Product Analytics)",Coupang,서울,https://kr.indeed.com/viewjob?jk=b944339558ca31e8
8f9351a6134c9885,Hbase Engineer,LINE Plus corporation,대한민국,https://kr.indeed.com/viewjob?jk=8f9351a6134c9885
1748baa27965fdbf,"MVP 개발 엔지니어(서버, 웹프론트) (정규직, 계약직, 프리랜서)",더테스터,대전 중구,https://kr.indeed.com/viewjob?jk=1748baa27965fdbf
7c19ff88836f8869,고등광기술연구소 전문연구요원,광주과학기술원,광주 북구,https://kr.indeed.com/viewjob?jk=7c19ff88836f8869
994ba9918c417353,"금융그룹사(연구소) Data Scientist 채용, 석사이상",금융대기업 (연구소),서울,https://kr.indeed.com/viewjob?jk=994ba9918c417353
35f72aeb142bceaa,[NIT Service] NAVER IDC 서버 운영/관리(춘천),엔아이티서비스,강원도 춘천,https://kr.indeed.com/viewjob?jk=35f72aeb142bceaa
f3814da45c7f7954,웹 프론트엔드 개발자,프루팅,서울 서초구,https://kr.indeed.com/viewjob?jk=f3814da45c7f7954
6143a95778cb0259,Deep Learning Researcher (신입/경력/전문연구요원),Cognex Corporation,서울,https://kr.indeed.com/viewjob?jk=6143a95778cb0259
ea7a7ab6e15151c1,WaveBridge BackEnd Developer 경력직,웨이브릿지,서울 강남구,https://kr.indeed.com/viewjob?jk=ea7a7ab6e15151c1
a6ff80b1adf47302,DevOps Engineer (Engineering Foundation),뱅크샐러드,서울 영등포구,https://kr.indeed.com/viewjob?jk=a6ff80b1adf47302
9c4f4236ac42f224,DBA 엔지니어,쏘카,제주도 제주,https://kr.indeed.com/viewjob?jk=9c4f4236ac42f224
db55ee61f98e6816,DGIST 동반진단의료기술융합연구실 계약직 연구원 채용 공고,대구경북과학기술원,대구 현풍면,https://kr.indeed.com/viewjob?jk=db55ee61f98e6816
a330ed86ccff2a9b,(주)엘솔루 웹 개발자,㈜엘솔루,서울,https://kr.indeed.com/viewjob?jk=a330ed86ccff2a9b
ea35a7465eabb6a5,[유연근무제] 의료영상 빅데이터 엔지니어 신입/경력 정규직,에이치앤비지노믹스,울산 울주군,https://kr.indeed.com/viewjob?jk=ea35a7465eabb6a5
9e03f4f1e4bbac36,"웹개발, PHP 외 신입/경력 정규직",시큐링크,서울 금천구,https://kr.indeed.com/viewjob?jk=9e03f4f1e4bbac36
4359c5a7a2a7a4eb,Software Integration and Support Engineer,IMS Nanofabrication,경기도 화성,https://kr.indeed.com/viewjob?jk=4359c5a7a2a7a4eb
4d871b071693c01a,Principal Telecommunication Architect,Red Hat Software,서울,https://kr.indeed.com/viewjob?jk=4d871b071693c01a
60372f6576d7781b,Data Architect / Data Engineering,40명 / 500억 매출규모의 스타트업 (국내 대기업 투자),서울 중구,https://kr.indeed.com/viewjob?jk=60372f6576d7781b
ca50abdc912a82de,[NAVER Cloud] Security Engineer_취약점 분석,네이버,서울,https://kr.indeed.com/viewjob?jk=ca50abdc912a82de
59b4b413b7114e86,"엘리스 교육 파트너 (Freelancer, Education Partner)",엘리스,서울 강남구,https://kr.indeed.com/viewjob?jk=59b4b413b7114e86
a7798171573a104e,AI Product Developer 모집,엔씨소프트,성남 판교역,https://kr.indeed.com/viewjob?jk=a7798171573a104e
ff605184d13b3f3f,[NAVER Cloud] 클라우드 데이터베이스 엔지니어 (DBA),네이버,서울,https://kr.indeed.com/viewjob?jk=ff605184d13b3f3f
e0f58354b166f668,Database Engineer (DBA) (RDBMS / NOSQL),LINE Plus corporation,대한민국,https://kr.indeed.com/viewjob?jk=e0f58354b166f668
e2f46a6ea1584be6,"Lead Software Engineer, Machine Learning",Google,서울,https://kr.indeed.com/viewjob?jk=e2f46a6ea1584be6
f5674f015eeba474,Software Development Engineer in Test (Blockchain Platform),LINE Plus corporation,대한민국,https://kr.indeed.com/viewjob?jk=f5674f015eeba474
f19b8cb8881146ea,DGIST-ETH 마이크로로봇연구센터 계약직 연구원 공개 초빙 공고,대구경북과학기술원,대구 현풍면,https://kr.indeed.com/viewjob?jk=f19b8cb8881146ea
5094f4c0e5ee9348,DevOps Engineer,myrealtrip,서울,https://kr.indeed.com/viewjob?jk=5094f4c0e5ee9348
1548f8b2dc2157f6,DGIST 동반진단의료기술융합연구실 계약직 연구원 공개 채용 공고,대구경북과학기술원,대구 현풍면,https://kr.indeed.com/viewjob?jk=1548f8b2dc2157f6
6e1da392f0eba062,DB 프로그램 인재,피앤씨,제주 제주시,https://kr.indeed.com/viewjob?jk=6e1da392f0eba062
6120f52f197849e0,TikTok Content Strategy Manager,ByteDance,서울,https://kr.indeed.com/viewjob?jk=6120f52f197849e0
36089807638eb8cb,Backend Engineer,Motion2AI,서울,https://kr.indeed.com/viewjob?jk=36089807638eb8cb
88856b55ca920e91,[서초구] Node 서버 개발자 (경력),시니어앤파트너즈,서울 서초구,https://kr.indeed.com/viewjob?jk=88856b55ca920e91
8bb19cc253eea9a5,Senior Data Scientist,뱅크샐러드,서울 영등포구,https://kr.indeed.com/viewjob?jk=8bb19cc253eea9a5
05a8e481d9859e2c,"고등광기술연구소 레이저응용시스템연구실 박사후연구원, 위촉연구원",광주과학기술원,광주 북구,https://kr.indeed.com/viewjob?jk=05a8e481d9859e2c
d7aaaa2b192f4d94,백엔드 개발자,스포카,서울 강남구,https://kr.indeed.com/viewjob?jk=d7aaaa2b192f4d94
42fb069bfe5c4224,[하나금융융합기술원] NLP (자연어처리)Text Mining 경력사원 모집,하나금융티아이,인천 청라동,https://kr.indeed.com/viewjob?jk=42fb069bfe5c4224
f54d59e5f1848d85,[EY컨설팅] 컨설팅본부 Data & Analytics팀 (데이터 전략 및 3개 포지션) 경력 컨설턴트 모집,EY,서울 영등포구,https://kr.indeed.com/viewjob?jk=f54d59e5f1848d85
081ba90fcfa975e3,4G LTE/5G NR Software Engineer,Success Korea,서울 신대방동,https://kr.indeed.com/viewjob?jk=081ba90fcfa975e3
20a1a60792ff419e,Cloud Support Engineer 영입,베스핀글로벌,서울 서초동,https://kr.indeed.com/viewjob?jk=20a1a60792ff419e
2892c67308e87f01,Field Data Scientist,Success Korea,경기도,https://kr.indeed.com/viewjob?jk=2892c67308e87f01
2485e93043545d8a,인간중심 지능형 시스템 연구실 위촉연구원,광주과학기술원,광주 북구,https://kr.indeed.com/viewjob?jk=2485e93043545d8a
99b17cdf7773a816,Machine Learning Engineer - Korea,MOLOCO,서울,https://kr.indeed.com/viewjob?jk=99b17cdf7773a816
f7fe5122e5cb1aad,Principal Digital Design Engineer,Dialog Semiconductor,대한민국,https://kr.indeed.com/viewjob?jk=f7fe5122e5cb1aad
6aa1c85944ebbe0e,"Senior Solution Engineer , Seoul",VMware,서울,https://kr.indeed.com/viewjob?jk=6aa1c85944ebbe0e
b22821f85bf2eb7e,Operation Buyer(Contractor),Edwards Korea Ltd,충청남도 천안,https://kr.indeed.com/viewjob?jk=b22821f85bf2eb7e
274bab0c5c8dd68e,데이터플랫폼 개발자 모집,넷마블,서울 구로구,https://kr.indeed.com/viewjob?jk=274bab0c5c8dd68e
89cb63d27e8396f4,"Senior Manager, Business Analysis [Growth Analytics]",Coupang,서울,https://kr.indeed.com/viewjob?jk=89cb63d27e8396f4
2f9cde9c93f65586,"웹개발, 응용프로그램 개발 정규직 (엘라스틱 서치,PHP 개발)",브이알에듀,서울 마포구,https://kr.indeed.com/viewjob?jk=2f9cde9c93f65586
119a763a71f6570d,경력 개발자,thecompany,경상남도,https://kr.indeed.com/viewjob?jk=119a763a71f6570d
0a25ad59f1184697,[XTRM] Technical Artist - PUBG IP 신규프로젝트,펍지,서울 서초구,https://kr.indeed.com/viewjob?jk=0a25ad59f1184697
16857d4a490684ef,9월 Clean 경력사원 채용 [기구설계],세메스,천안 직산읍,https://kr.indeed.com/viewjob?jk=16857d4a490684ef
c393c8bb9bfe8f9b,서버 개발,파수,서울 마포구,https://kr.indeed.com/viewjob?jk=c393c8bb9bfe8f9b
9060aaf049d4ede1,(주)웨이플러스 빅데이터 분야 인재,웨이플러스,제주 제주시,https://kr.indeed.com/viewjob?jk=9060aaf049d4ede1
acbfdde7a35b4b94,AI/Big Data (실장급) 국내 대기업,,경기도,https://kr.indeed.com/viewjob?jk=acbfdde7a35b4b94
62ef6b4ed2e45fa1,클라우드 보안서비스 사원,씨디네트웍스,서울 강남구,https://kr.indeed.com/viewjob?jk=62ef6b4ed2e45fa1
495c4edc125d84da,데이터 엔지니어(ETL) (경력),더블다운인터액티브,서울 강남구,https://kr.indeed.com/viewjob?jk=495c4edc125d84da
a1f840f86b4fcee6,Enterprise Sales Engineer,DataDog,서울,https://kr.indeed.com/viewjob?jk=a1f840f86b4fcee6
08f44dbc98b82482,[피파온라인4] Software Engineer (DBA & Data Engineering),Electronic Arts,서울,https://kr.indeed.com/viewjob?jk=08f44dbc98b82482
cb32ed51c4e0c7ad,DGIST 동반진단의료기술융합연구실 계약직 연구원 공개 초빙 공고,대구경북과학기술원,대구 현풍면,https://kr.indeed.com/viewjob?jk=cb32ed51c4e0c7ad
e306525b08759b27,Head of Product Analytics (Coupang Eats),Coupang,서울,https://kr.indeed.com/viewjob?jk=e306525b08759b27
d9144b342e8f9178,Senior AI/ML Consultant,Amazon Web Services Korea LLC,서울,https://kr.indeed.com/viewjob?jk=d9144b342e8f9178
c3edadad7a50060a,Data Scientist (IBM Garage),IBM,서울,https://kr.indeed.com/viewjob?jk=c3edadad7a50060a
3bb031f95312c279,Staff Back-end Engineer (Service Engineering),Coupang,서울,https://kr.indeed.com/viewjob?jk=3bb031f95312c279
9a09dbf989f3801c,"S/W 엔지니어, IT기술지원 신입/경력 정규직",시큐어키,서울 금천구,https://kr.indeed.com/viewjob?jk=9a09dbf989f3801c
e7dbb81813b076a3,디지털 농업 경력/신입 사원 모집,대동공업,대구 논공읍,https://kr.indeed.com/viewjob?jk=e7dbb81813b076a3
09e1e7de3d837f4c,금융대기업 (연구소) NLP (Text Mining) 경력자,금융대기업 (연구소),서울,https://kr.indeed.com/viewjob?jk=09e1e7de3d837f4c
0d8a4cdd8996172e,ADS Performance ML Engineer,LINE Plus corporation,대한민국,https://kr.indeed.com/viewjob?jk=0d8a4cdd8996172e
0124d92dba287ca4,"Presales Solutions Consultant , South Korea",Vonage,서울,https://kr.indeed.com/viewjob?jk=0124d92dba287ca4
7059f60f4bbb2f92,Senior Software Verification Engineer,Dialog Semiconductor,대한민국,https://kr.indeed.com/viewjob?jk=7059f60f4bbb2f92
5d2f994752ec7178,Digital Design Engineer,Cirrus Logic,서울,https://kr.indeed.com/viewjob?jk=5d2f994752ec7178
9123532ca01086cd,Solutions Architect,MariaDB Corporation Ab,대한민국,https://kr.indeed.com/viewjob?jk=9123532ca01086cd
2e7b4cdaddc82b04,Surfacing,Mofac,서울 서초구,https://kr.indeed.com/viewjob?jk=2e7b4cdaddc82b04
4524fa0a5a8cc62a,Sr. Systems Engineer,Raytheon Intelligence & Space,경기도 오산,https://kr.indeed.com/viewjob?jk=4524fa0a5a8cc62a
b4f45d77c03e9c0e,"Cloud Operations Engineer, APAC",Canonical - Jobs,서울,https://kr.indeed.com/viewjob?jk=b4f45d77c03e9c0e
1d61a0d5486032af,Cloud Service Backend Server Engineer,LINE Plus corporation,대한민국,https://kr.indeed.com/viewjob?jk=1d61a0d5486032af
d2337864f11c12e9,[ICT] CV(Computer Vision) 개발 경력사원 채용,한화시스템,구미 공단동,https://kr.indeed.com/viewjob?jk=d2337864f11c12e9
b2813fb80811ba5f,"Principal, Data Analyst (SCM)",Coupang,서울,https://kr.indeed.com/viewjob?jk=b2813fb80811ba5f
403c866fc5f43cc3,DGIST 미래자동차융합연구센터 계약직 연구원 공개 초빙 공고,대구경북과학기술원,대구 현풍면,https://kr.indeed.com/viewjob?jk=403c866fc5f43cc3
89306943f792559b,Sr. Solutions Architect,Snowflake,서울,https://kr.indeed.com/viewjob?jk=89306943f792559b
80655cd63e002033,램플레이스 온오프라인 코딩 강사 채용,밸류에잇 벤처스,대전 서구,https://kr.indeed.com/viewjob?jk=80655cd63e002033
609db80064471eb8,"Research Scientist(뉴로사이언티스트, 서울)",LVIS,서울,https://kr.indeed.com/viewjob?jk=609db80064471eb8
80be90e3e659d55b,데이터 엔지니어,myrealtrip,서울,https://kr.indeed.com/viewjob?jk=80be90e3e659d55b
c25feb431668b850,Teacher,Grace International Academy (School for the...,서울 / 원격근무,https://kr.indeed.com/viewjob?jk=c25feb431668b850
78d1ec77f4a5e0dc,기후 분석&모델링연구실 시간제연구원,광주과학기술원,광주 북구,https://kr.indeed.com/viewjob?jk=78d1ec77f4a5e0dc

